AccountVerificationHelper.java	36	UNUSED_VALUE	Minor
AsciiDoctorTemplateResolver.java	76	FB.DM_DEFAULT_ENCODING	Minor
Assignment.java	29	FB.EI_EXPOSE_REP	Minor
Assignment.java	49	FB.EI_EXPOSE_REP2	Minor
Assignment1.java	36	PROC_USE.VULNERABLE	Minor
Assignment1.java	40	UNREACHABLE_CODE	Normal
Assignment5.java	26	FB.EI_EXPOSE_REP2	Minor
Assignment5.java	44	FB.OBL_UNSATISFIED_OBLIGATION	Minor
Assignment5.java	44	FB.ODR_OPEN_DATABASE_RESOURCE	Minor
Assignment5.java	44	HANDLE_LEAK	Major
Assignment5.java	44	TAINTED_PTR	Critical
Assignment5.java	50	FB.OBL_UNSATISFIED_OBLIGATION	Minor
Assignment7.java	60	FB.EI_EXPOSE_REP2	Minor
AttackResult.java	17	FB.EI_EXPOSE_REP	Minor
AttackResult.java	19	FB.EI_EXPOSE_REP	Minor
AttackResult.java	46	FB.EI_EXPOSE_REP2	Minor
AttackResult.java	48	FB.EI_EXPOSE_REP2	Minor
AttackResultMessageResponseBodyAdvice.java	23	FB.EI_EXPOSE_REP2	Minor
BlindSendFileAssignment.java	50	FB.EI_EXPOSE_REP2	Minor
BlindSendFileAssignment.java	56	FB.PATH_TRAVERSAL_IN	Minor
BlindSendFileAssignment.java	58	FB.RV_RETURN_VALUE_IGNORED_BAD_PRACTICE	Major
CIAQuiz.java	58	FB.EI_EXPOSE_REP	Minor
CSRFConfirmFlag1.java	26	FB.EI_EXPOSE_REP2	Minor
CSRFFeedback.java	37	FB.EI_EXPOSE_REP2	Minor
CSRFFeedback.java	38	FB.EI_EXPOSE_REP2	Minor
CSRFFeedback.java	53	FB.DM_DEFAULT_ENCODING	Minor
CSRFGetFlag.java	39	FB.PREDICTABLE_RANDOM	Minor
CSRFGetFlag.java	40	FB.DMI_RANDOM_USED_ONLY_ONCE	Major
CSRFGetFlag.java	45	FB.PREDICTABLE_RANDOM	Minor
CSRFGetFlag.java	56	FB.PREDICTABLE_RANDOM	Minor
CommentsCache.java	91	COLLECTION.WRONG_ARG_TYPE	Normal
CommentsEndpoint.java	23	FB.EI_EXPOSE_REP2	Minor
ContentTypeAssignment.java	42	FB.EI_EXPOSE_REP2	Minor
Course.java	19	FB.EI_EXPOSE_REP2	Minor
Course.java	48	FB.EI_EXPOSE_REP	Minor
Course.java	62	FB.EI_EXPOSE_REP2	Minor
CourseConfiguration.java	34	FB.EI_EXPOSE_REP2	Minor
CourseConfiguration.java	35	FB.EI_EXPOSE_REP2	Minor
CrossSiteScriptingLesson5a.java	39	FB.EI_EXPOSE_REP2	Minor
CrossSiteScriptingLesson6a.java	31	FB.EI_EXPOSE_REP2	Minor
CrossSiteScriptingQuiz.java	67	FB.EI_EXPOSE_REP	Minor
CryptoUtil.java	42	FB.DMI_RANDOM_USED_ONLY_ONCE	Major
DOMCrossSiteScripting.java	26	FB.EI_EXPOSE_REP2	Minor
DOMCrossSiteScripting.java	34	FB.DMI_RANDOM_USED_ONLY_ONCE	Major
DOMCrossSiteScripting.java	40	DEREF_OF_NULL.RET	Normal
DOMCrossSiteScriptingVerifier.java	35	FB.EI_EXPOSE_REP2	Minor
DatabaseConfiguration.java	22	FB.EI_EXPOSE_REP2	Minor
EncDec.java	59	FB.DM_DEFAULT_ENCODING	Minor
EncDec.java	63	FB.DM_DEFAULT_ENCODING	Minor
EncDec.java	67	FB.DM_DEFAULT_ENCODING	Minor
EncDec.java	68	FB.DM_DEFAULT_ENCODING	Minor
EncodingAssignment.java	26	FB.DM_DEFAULT_ENCODING	Minor
EncodingAssignment.java	37	FB.DMI_RANDOM_USED_ONLY_ONCE	Major
EncodingAssignment.java	37	FB.PREDICTABLE_RANDOM	Minor
EncodingAssignment.java	54	PROC_USE.VULNERABLE	Minor
EnvironmentExposure.java	28	FB.ST_WRITE_TO_STATIC_FROM_INSTANCE_METHOD	Major
FileServer.java	70	FB.PATH_TRAVERSAL_IN	Minor
FileServer.java	71	FB.RV_RETURN_VALUE_IGNORED_BAD_PRACTICE	Major
FileServer.java	79	FB.NP_NULL_ON_SOME_PATH_FROM_RETURN_VALUE	Minor
FileServer.java	79	FB.PATH_TRAVERSAL_IN	Minor
FileServer.java	90	FB.PATH_TRAVERSAL_IN	Minor
FileServer.java	94	FB.PATH_TRAVERSAL_IN	Minor
FileServer.java	98	FB.RV_RETURN_VALUE_IGNORED_BAD_PRACTICE	Major
HammerHead.java	15	FB.EI_EXPOSE_REP2	Minor
HashingAssignment.java	28	FB.MS_PKGPROTECT	Minor
HashingAssignment.java	37	FB.DMI_RANDOM_USED_ONLY_ONCE	Major
HashingAssignment.java	37	FB.PREDICTABLE_RANDOM	Minor
HashingAssignment.java	40	FB.DM_DEFAULT_ENCODING	Minor
HashingAssignment.java	55	FB.DMI_RANDOM_USED_ONLY_ONCE	Major
HashingAssignment.java	55	FB.PREDICTABLE_RANDOM	Minor
HashingAssignment.java	85	FB.DM_DEFAULT_ENCODING	Minor
HijackSessionAssignment.java	44	FB.EI_EXPOSE_REP2	Minor
HijackSessionAssignment.java	56	TAINTED_PTR.COOKIE	Major
HijackSessionAuthenticationProvider.java	29	FB.DMI_RANDOM_USED_ONLY_ONCE	Major
HijackSessionAuthenticationProvider.java	29	FB.PREDICTABLE_RANDOM	Minor
HijackSessionAuthenticationProvider.java	60	FB.PREDICTABLE_RANDOM	Minor
HintService.java	39	FB.EI_EXPOSE_REP	Minor
IDOREditOtherProfile.java	37	FB.EI_EXPOSE_REP2	Minor
IDOREditOtherProfile.java	96	DEREF_OF_NULL.RET	Normal
IDORLogin.java	27	FB.EI_EXPOSE_REP2	Minor
IDORLogin.java	35	FB.HARD_CODE_PASSWORD	Minor
IDORLogin.java	41	FB.HARD_CODE_PASSWORD	Minor
IDORLogin.java	53	PROC_USE.VULNERABLE	Minor
IDORViewOtherProfile.java	36	FB.EI_EXPOSE_REP2	Minor
IDORViewOwnProfile.java	22	FB.EI_EXPOSE_REP2	Minor
IDORViewOwnProfileAltUrl.java	29	FB.EI_EXPOSE_REP2	Minor
ImageServlet.java	21	FB.DMI_RANDOM_USED_ONLY_ONCE	Major
ImageServlet.java	21	FB.PREDICTABLE_RANDOM	Minor
InsecureDeserializationTask.java	53	SIMILAR_BRANCHES.CATCH	Normal
JWTController.java	32	FB.NP_NULL_ON_SOME_PATH_FROM_RETURN_VALUE	Minor
JWTHeaderKIDEndpoint.java	74	FB.OBL_UNSATISFIED_OBLIGATION	Minor
JWTHeaderKIDEndpoint.java	74	FB.ODR_OPEN_DATABASE_RESOURCE	Minor
JWTHeaderKIDEndpoint.java	75	FB.OBL_UNSATISFIED_OBLIGATION	Minor
JWTQuiz.java	53	FB.EI_EXPOSE_REP	Minor
JWTRefreshEndpoint.java	121	PROC_USE.VULNERABLE	Minor
JWTRefreshEndpoint.java	129	SIMILAR_BRANCHES	Major
JWTRefreshEndpoint.java	91	PROC_USE.VULNERABLE	Minor
JWTSecretKeyEndpoint.java	34	FB.MS_PKGPROTECT	Minor
JWTSecretKeyEndpoint.java	38	FB.DMI_RANDOM_USED_ONLY_ONCE	Major
JWTSecretKeyEndpoint.java	38	FB.PREDICTABLE_RANDOM	Minor
JWTVotesEndpoint.java	135	TAINTED_PTR.COOKIE	Major
JWTVotesEndpoint.java	139	PROC_USE.VULNERABLE	Minor
JWTVotesEndpoint.java	160	TAINTED_PTR.COOKIE	Major
JWTVotesEndpoint.java	164	PROC_USE.VULNERABLE	Minor
JWTVotesEndpoint.java	183	TAINTED_PTR.COOKIE	Major
JWTVotesEndpoint.java	187	PROC_USE.VULNERABLE	Minor
LabelDebugService.java	21	FB.EI_EXPOSE_REP2	Minor
LabelService.java	21	FB.EI_EXPOSE_REP2	Minor
Language.java	17	FB.EI_EXPOSE_REP2	Minor
Lesson.java	13	FB.EI_EXPOSE_REP2	Minor
Lesson.java	16	FB.EI_EXPOSE_REP	Minor
LessonConnectionInvocationHandler.java	23	FB.EI_EXPOSE_REP2	Minor
LessonDataSource.java	22	FB.EI_EXPOSE_REP2	Minor
LessonInfoService.java	17	FB.EI_EXPOSE_REP2	Minor
LessonMenuItem.java	49	FB.EI_EXPOSE_REP	Minor
LessonMenuItem.java	58	FB.EI_EXPOSE_REP2	Minor
LessonMenuService.java	26	FB.EI_EXPOSE_REP2	Minor
LessonMenuService.java	64	COLLECTION.WRONG_ARG_TYPE	Normal
LessonMenuService.java	64	FB.GC_UNRELATED_TYPES	Major
LessonProgressService.java	27	FB.EI_EXPOSE_REP2	Minor
LessonResourceScanner.java	23	FB.EI_EXPOSE_REP	Minor
LessonTemplateResolver.java	61	DEREF_AFTER_NULL	Major
LessonTemplateResolver.java	61	FB.NP_NULL_PARAM_DEREF	Minor
LessonTrackerInterceptor.java	29	FB.EI_EXPOSE_REP2	Minor
LogBleedingTask.java	43	PROC_USE.VULNERABLE	Minor
MD5.java	297	FB.ICAST_INTEGER_MULTIPLY_CAST_TO_LONG	Major
MD5.java	376	FB.DM_DEFAULT_ENCODING	Minor
MD5.java	53	FB.PATH_TRAVERSAL_IN	Minor
MD5.java	53	NO_CATCH.LIBRARY	Normal
MailAssignment.java	35	FB.EI_EXPOSE_REP2	Minor
MissingFunctionACYourHash.java	40	DEREF_OF_NULL.RET	Normal
MissingFunctionACYourHashAdmin.java	46	DEREF_OF_NULL.RET	Normal
MvcConfiguration.java	52	FB.PATH_TRAVERSAL_IN	Minor
MvcConfiguration.java	54	FB.RV_RETURN_VALUE_IGNORED_BAD_PRACTICE	Major
NetworkDummy.java	30	FB.EI_EXPOSE_REP2	Minor
PasswordResetLink.java	18	FB.PREDICTABLE_RANDOM	Minor
PasswordResetLink.java	21	FB.DMI_RANDOM_USED_ONLY_ONCE	Major
Ping.java	32	FB.PATH_TRAVERSAL_IN	Minor
Ping.java	34	FB.DM_DEFAULT_ENCODING	Minor
ProfileUploadBase.java	103	FB.PATH_TRAVERSAL_IN	Minor
ProfileUploadBase.java	112	UNREACHABLE_CODE	Normal
ProfileUploadBase.java	115	UNREACHABLE_CODE	Normal
ProfileUploadBase.java	126	FB.UI_INHERITANCE_UNSAFE_GETRESOURCE	Major
ProfileUploadBase.java	126	HANDLE_LEAK.EXCEPTION	Normal
ProfileUploadBase.java	51	FB.PATH_TRAVERSAL_IN	Minor
ProfileUploadBase.java	52	FB.RV_RETURN_VALUE_IGNORED_BAD_PRACTICE	Major
ProfileUploadBase.java	70	FB.PATH_TRAVERSAL_IN	Minor
ProfileUploadBase.java	82	DEREF_OF_NULL.RET.LIB	Major
ProfileUploadBase.java	86	DEREF_OF_NULL.RET.LIB	Major
ProfileUploadRetrieval.java	101	FB.PATH_TRAVERSAL_IN	Minor
ProfileUploadRetrieval.java	117	DEREF_OF_NULL.RET.LIB	Major
ProfileUploadRetrieval.java	118	FB.DM_DEFAULT_ENCODING	Minor
ProfileUploadRetrieval.java	54	FB.PATH_TRAVERSAL_IN	Minor
ProfileUploadRetrieval.java	55	FB.RV_RETURN_VALUE_IGNORED_BAD_PRACTICE	Major
ProfileUploadRetrieval.java	64	FB.PATH_TRAVERSAL_IN	Minor
ProfileUploadRetrieval.java	69	DEREF_OF_NULL.RET.LIB	Major
ProfileUploadRetrieval.java	72	DEREF_OF_NULL.RET.LIB	Major
ProfileZipSlip.java	58	FB.NP_NULL_ON_SOME_PATH_FROM_RETURN_VALUE	Minor
ProfileZipSlip.java	67	FB.PATH_TRAVERSAL_IN	Minor
ProfileZipSlip.java	75	FB.OS_OPEN_STREAM	Minor
ProfileZipSlip.java	75	HANDLE_LEAK	Major
ProfileZipSlip.java	79	FB.PATH_TRAVERSAL_IN	Minor
RegistrationController.java	28	FB.EI_EXPOSE_REP2	Minor
ReportCardController.java	26	FB.EI_EXPOSE_REP2	Minor
ReportCardController.java	27	FB.EI_EXPOSE_REP2	Minor
ReportCardController.java	57	FB.EI_EXPOSE_REP	Minor
ReportCardController.java	57	FB.EI_EXPOSE_REP2	Minor
Requests.java	29	FB.EI_EXPOSE_REP2	Minor
Requests.java	63	DEREF_OF_NULL.RET.LIB	Major
Requests.java	63	SIMILAR_BRANCHES	Major
Requests.java	65	DEREF_OF_NULL.RET.LIB	Major
ResetLinkAssignment.java	77	PROC_USE.VULNERABLE	Minor
ResetLinkAssignmentForgotPassword.java	46	FB.EI_EXPOSE_REP2	Minor
RestartLessonService.java	26	FB.EI_EXPOSE_REP2	Minor
Salaries.java	42	FB.PATH_TRAVERSAL_IN	Minor
Salaries.java	44	FB.RV_RETURN_VALUE_IGNORED_BAD_PRACTICE	Major
Salaries.java	59	FB.PATH_TRAVERSAL_IN	Minor
Salaries.java	64	FB.UC_USELESS_OBJECT	Minor
SampleAttack.java	32	FB.EI_EXPOSE_REP2	Minor
SampleAttack.java	71	FB.URF_UNREAD_FIELD	Major
Scoreboard.java	25	FB.EI_EXPOSE_REP2	Minor
Servers.java	44	FB.EI_EXPOSE_REP2	Minor
Servers.java	54	TAINTED_PTR	Critical
SessionService.java	16	FB.EI_EXPOSE_REP2	Minor
SigningAssignment.java	60	DEREF_OF_NULL.RET.STAT	Major
SimpleMailAssignment.java	37	FB.EI_EXPOSE_REP2	Minor
SimpleMailAssignment.java	52	PROC_USE.VULNERABLE	Minor
SimpleXXE.java	45	FB.EI_EXPOSE_REP2	Minor
SpoofCookieAssignment.java	55	TAINTED_PTR.COOKIE	Major
SpoofCookieAssignment.java	73	PROC_USE.VULNERABLE	Minor
SpoofCookieAssignment.java	78	PROC_USE.VULNERABLE	Minor
SqlInjectionChallenge.java	39	FB.EI_EXPOSE_REP2	Minor
SqlInjectionChallenge.java	56	FB.OBL_UNSATISFIED_OBLIGATION	Minor
SqlInjectionChallenge.java	56	FB.ODR_OPEN_DATABASE_RESOURCE	Minor
SqlInjectionChallenge.java	56	HANDLE_LEAK.EXCEPTION	Normal
SqlInjectionChallenge.java	57	FB.OBL_UNSATISFIED_OBLIGATION	Minor
SqlInjectionChallenge.java	63	FB.ODR_OPEN_DATABASE_RESOURCE	Minor
SqlInjectionChallenge.java	63	HANDLE_LEAK.EXCEPTION	Normal
SqlInjectionChallengeLogin.java	23	FB.EI_EXPOSE_REP2	Minor
SqlInjectionChallengeLogin.java	34	FB.OBL_UNSATISFIED_OBLIGATION	Minor
SqlInjectionChallengeLogin.java	34	FB.ODR_OPEN_DATABASE_RESOURCE	Minor
SqlInjectionChallengeLogin.java	34	HANDLE_LEAK	Major
SqlInjectionChallengeLogin.java	38	FB.OBL_UNSATISFIED_OBLIGATION	Minor
SqlInjectionLesson10.java	100	FB.OBL_UNSATISFIED_OBLIGATION	Minor
SqlInjectionLesson10.java	38	FB.EI_EXPOSE_REP2	Minor
SqlInjectionLesson10.java	54	FB.OBL_UNSATISFIED_OBLIGATION	Minor
SqlInjectionLesson10.java	54	FB.ODR_OPEN_DATABASE_RESOURCE	Minor
SqlInjectionLesson10.java	54	HANDLE_LEAK	Major
SqlInjectionLesson10.java	99	FB.OBL_UNSATISFIED_OBLIGATION	Minor
SqlInjectionLesson10.java	99	HANDLE_LEAK	Major
SqlInjectionLesson10b.java	99	FB.DLS_DEAD_LOCAL_STORE	Major
SqlInjectionLesson13.java	38	FB.EI_EXPOSE_REP2	Minor
SqlInjectionLesson2.java	37	FB.EI_EXPOSE_REP2	Minor
SqlInjectionLesson2.java	48	FB.OBL_UNSATISFIED_OBLIGATION	Minor
SqlInjectionLesson2.java	48	FB.ODR_OPEN_DATABASE_RESOURCE	Minor
SqlInjectionLesson2.java	48	HANDLE_LEAK	Major
SqlInjectionLesson2.java	49	FB.OBL_UNSATISFIED_OBLIGATION	Minor
SqlInjectionLesson3.java	32	FB.EI_EXPOSE_REP2	Minor
SqlInjectionLesson3.java	44	FB.OBL_UNSATISFIED_OBLIGATION	Minor
SqlInjectionLesson3.java	46	FB.ODR_OPEN_DATABASE_RESOURCE	Minor
SqlInjectionLesson3.java	46	HANDLE_LEAK	Major
SqlInjectionLesson4.java	33	FB.EI_EXPOSE_REP2	Minor
SqlInjectionLesson5.java	36	FB.EI_EXPOSE_REP2	Minor
SqlInjectionLesson5.java	48	FB.REC_CATCH_EXCEPTION	Major
SqlInjectionLesson5.java	57	TAINTED_PTR.MINOR	Minor
SqlInjectionLesson5.java	65	FB.RV_RETURN_VALUE_IGNORED	Major
SqlInjectionLesson5.java	82	FB.OBL_UNSATISFIED_OBLIGATION	Minor
SqlInjectionLesson5.java	82	HANDLE_LEAK	Major
SqlInjectionLesson5.java	87	FB.OBL_UNSATISFIED_OBLIGATION	Minor
SqlInjectionLesson5a.java	34	FB.EI_EXPOSE_REP2	Minor
SqlInjectionLesson5b.java	34	FB.EI_EXPOSE_REP2	Minor
SqlInjectionLesson5b.java	41	TAINTED_PTR	Critical
SqlInjectionLesson5b.java	48	FB.OBL_UNSATISFIED_OBLIGATION	Minor
SqlInjectionLesson5b.java	48	FB.ODR_OPEN_DATABASE_RESOURCE	Minor
SqlInjectionLesson5b.java	48	HANDLE_LEAK	Major
SqlInjectionLesson5b.java	69	FB.OBL_UNSATISFIED_OBLIGATION	Minor
SqlInjectionLesson6a.java	39	FB.EI_EXPOSE_REP2	Minor
SqlInjectionLesson6b.java	28	FB.EI_EXPOSE_REP2	Minor
SqlInjectionLesson6b.java	34	PROC_USE.VULNERABLE	Minor
SqlInjectionLesson6b.java	47	FB.OBL_UNSATISFIED_OBLIGATION	Minor
SqlInjectionLesson6b.java	47	FB.ODR_OPEN_DATABASE_RESOURCE	Minor
SqlInjectionLesson6b.java	47	HANDLE_LEAK.EXCEPTION	Normal
SqlInjectionLesson6b.java	49	FB.OBL_UNSATISFIED_OBLIGATION	Minor
SqlInjectionLesson8.java	141	FB.OBL_UNSATISFIED_OBLIGATION	Minor
SqlInjectionLesson8.java	141	HANDLE_LEAK	Major
SqlInjectionLesson8.java	38	FB.EI_EXPOSE_REP2	Minor
SqlInjectionLesson8.java	59	FB.OBL_UNSATISFIED_OBLIGATION	Minor
SqlInjectionLesson8.java	59	FB.ODR_OPEN_DATABASE_RESOURCE	Minor
SqlInjectionLesson8.java	59	HANDLE_LEAK	Major
SqlInjectionLesson8.java	62	FB.OBL_UNSATISFIED_OBLIGATION	Minor
SqlInjectionLesson9.java	116	FB.OBL_UNSATISFIED_OBLIGATION_EXCEPTION_EDGE	Minor
SqlInjectionLesson9.java	116	HANDLE_LEAK	Major
SqlInjectionLesson9.java	39	FB.EI_EXPOSE_REP2	Minor
SqlInjectionLesson9.java	63	FB.OBL_UNSATISFIED_OBLIGATION	Minor
SqlInjectionLesson9.java	63	FB.ODR_OPEN_DATABASE_RESOURCE	Minor
SqlInjectionLesson9.java	63	HANDLE_LEAK	Major
SqlInjectionLesson9.java	93	FB.OBL_UNSATISFIED_OBLIGATION	Minor
SqlInjectionLesson9.java	93	HANDLE_LEAK	Major
SqlInjectionLesson9.java	94	FB.OBL_UNSATISFIED_OBLIGATION	Minor
SqlInjectionQuiz.java	70	FB.EI_EXPOSE_REP	Minor
SqlOnlyInputValidation.java	26	FB.EI_EXPOSE_REP2	Minor
SqlOnlyInputValidationOnKeywords.java	30	FB.EI_EXPOSE_REP2	Minor
StartLesson.java	19	FB.EI_EXPOSE_REP2	Minor
StartWebGoat.java	24	NO_CATCH	Normal
StartWebGoat.java	44	FB.NP_NULL_ON_SOME_PATH_FROM_RETURN_VALUE	Minor
StoredCrossSiteScriptingVerifier.java	25	FB.EI_EXPOSE_REP2	Minor
UserService.java	22	FB.EI_EXPOSE_REP2	Minor
UserValidator.java	35	PROC_USE.VULNERABLE	Minor
VerifyAccount.java	38	FB.EI_EXPOSE_REP2	Minor
VulnerableComponentsLesson.java	49	FB.RV_RETURN_VALUE_IGNORED_NO_SIDE_EFFECT	Minor
VulnerableTaskHolder.java	69	FB.COMMAND_INJECTION	Major
VulnerableTaskHolder.java	70	FB.DM_DEFAULT_ENCODING	Minor
VulnerableTaskHolder.java	70	FB.OS_OPEN_STREAM	Minor
WebGoat.java	31	FB.PATH_TRAVERSAL_IN	Minor
WebGoatUser.java	32	FB.EI_EXPOSE_REP	Minor
WebSecurityConfig.java	24	FB.EI_EXPOSE_REP2	Minor
WebSecurityConfig.java	25	FB.EI_EXPOSE_REP2	Minor
WebSecurityConfig.java	47	PROC_USE.VULNERABLE	Minor
WebSecurityConfig.java	61	PROC_USE.VULNERABLE	Minor
WebSecurityConfig.java	75	FB.EI_EXPOSE_REP	Minor
WebSecurityConfig.java	77	FB.EI_EXPOSE_REP	Minor
WebWolfUser.java	29	FB.EI_EXPOSE_REP	Minor
