Severity,Checker,File,Line
"Normal","COLLECTION.WRONG_ARG_TYPE","/builds/gitlab/drit_digital_trace/owasp-webgoat/src/main/java/org/owasp/webgoat/container/service/LessonMenuService.java","64"
"Normal","COLLECTION.WRONG_ARG_TYPE","/builds/gitlab/drit_digital_trace/owasp-webgoat/src/main/java/org/owasp/webgoat/lessons/xxe/CommentsCache.java","91"
"Major","DEREF_AFTER_NULL","/builds/gitlab/drit_digital_trace/owasp-webgoat/src/main/java/org/owasp/webgoat/container/LessonTemplateResolver.java","61"
"Normal","DEREF_OF_NULL.RET","/builds/gitlab/drit_digital_trace/owasp-webgoat/src/it/java/org/owasp/webgoat/integration/LabelAndHintIntegrationTest.java","150"
"Normal","DEREF_OF_NULL.RET","/builds/gitlab/drit_digital_trace/owasp-webgoat/src/it/java/org/owasp/webgoat/integration/LabelAndHintIntegrationTest.java","183"
"Normal","DEREF_OF_NULL.RET","/builds/gitlab/drit_digital_trace/owasp-webgoat/src/main/java/org/owasp/webgoat/lessons/idor/IDOREditOtherProfile.java","96"
"Normal","DEREF_OF_NULL.RET","/builds/gitlab/drit_digital_trace/owasp-webgoat/src/main/java/org/owasp/webgoat/lessons/missingac/MissingFunctionACYourHash.java","40"
"Normal","DEREF_OF_NULL.RET","/builds/gitlab/drit_digital_trace/owasp-webgoat/src/main/java/org/owasp/webgoat/lessons/missingac/MissingFunctionACYourHashAdmin.java","46"
"Normal","DEREF_OF_NULL.RET","/builds/gitlab/drit_digital_trace/owasp-webgoat/src/main/java/org/owasp/webgoat/lessons/xss/DOMCrossSiteScripting.java","40"
"Major","DEREF_OF_NULL.RET.LIB","/builds/gitlab/drit_digital_trace/owasp-webgoat/src/main/java/org/owasp/webgoat/lessons/pathtraversal/ProfileUploadBase.java","82"
"Major","DEREF_OF_NULL.RET.LIB","/builds/gitlab/drit_digital_trace/owasp-webgoat/src/main/java/org/owasp/webgoat/lessons/pathtraversal/ProfileUploadBase.java","86"
"Major","DEREF_OF_NULL.RET.LIB","/builds/gitlab/drit_digital_trace/owasp-webgoat/src/main/java/org/owasp/webgoat/lessons/pathtraversal/ProfileUploadRetrieval.java","69"
"Major","DEREF_OF_NULL.RET.LIB","/builds/gitlab/drit_digital_trace/owasp-webgoat/src/main/java/org/owasp/webgoat/lessons/pathtraversal/ProfileUploadRetrieval.java","72"
"Major","DEREF_OF_NULL.RET.LIB","/builds/gitlab/drit_digital_trace/owasp-webgoat/src/main/java/org/owasp/webgoat/lessons/pathtraversal/ProfileUploadRetrieval.java","117"
"Major","DEREF_OF_NULL.RET.LIB","/builds/gitlab/drit_digital_trace/owasp-webgoat/src/main/java/org/owasp/webgoat/webwolf/requests/Requests.java","63"
"Major","DEREF_OF_NULL.RET.LIB","/builds/gitlab/drit_digital_trace/owasp-webgoat/src/main/java/org/owasp/webgoat/webwolf/requests/Requests.java","65"
"Major","DEREF_OF_NULL.RET.STAT","/builds/gitlab/drit_digital_trace/owasp-webgoat/src/main/java/org/owasp/webgoat/lessons/cryptography/SigningAssignment.java","60"
"Major","FB.COMMAND_INJECTION","/builds/gitlab/drit_digital_trace/owasp-webgoat/src/main/java/org/dummy/insecure/framework/VulnerableTaskHolder.java","69"
"Major","FB.DLS_DEAD_LOCAL_STORE","/builds/gitlab/drit_digital_trace/owasp-webgoat/src/it/java/org/owasp/webgoat/integration/JWTLessonIntegrationTest.java","77"
"Major","FB.DLS_DEAD_LOCAL_STORE","/builds/gitlab/drit_digital_trace/owasp-webgoat/src/it/java/org/owasp/webgoat/integration/PathTraversalIntegrationTest.java","148"
"Major","FB.DLS_DEAD_LOCAL_STORE","/builds/gitlab/drit_digital_trace/owasp-webgoat/src/main/java/org/owasp/webgoat/lessons/sqlinjection/mitigation/SqlInjectionLesson10b.java","99"
"Major","FB.DLS_DEAD_LOCAL_STORE","/builds/gitlab/drit_digital_trace/owasp-webgoat/src/test/java/org/owasp/webgoat/lessons/jwt/TokenTest.java","47"
"Major","FB.DMI_RANDOM_USED_ONLY_ONCE","/builds/gitlab/drit_digital_trace/owasp-webgoat/src/main/java/org/owasp/webgoat/lessons/challenges/challenge1/ImageServlet.java","21"
"Major","FB.DMI_RANDOM_USED_ONLY_ONCE","/builds/gitlab/drit_digital_trace/owasp-webgoat/src/main/java/org/owasp/webgoat/lessons/challenges/challenge7/PasswordResetLink.java","21"
"Major","FB.DMI_RANDOM_USED_ONLY_ONCE","/builds/gitlab/drit_digital_trace/owasp-webgoat/src/main/java/org/owasp/webgoat/lessons/cryptography/CryptoUtil.java","42"
"Major","FB.DMI_RANDOM_USED_ONLY_ONCE","/builds/gitlab/drit_digital_trace/owasp-webgoat/src/main/java/org/owasp/webgoat/lessons/cryptography/EncodingAssignment.java","37"
"Major","FB.DMI_RANDOM_USED_ONLY_ONCE","/builds/gitlab/drit_digital_trace/owasp-webgoat/src/main/java/org/owasp/webgoat/lessons/cryptography/HashingAssignment.java","37"
"Major","FB.DMI_RANDOM_USED_ONLY_ONCE","/builds/gitlab/drit_digital_trace/owasp-webgoat/src/main/java/org/owasp/webgoat/lessons/cryptography/HashingAssignment.java","55"
"Major","FB.DMI_RANDOM_USED_ONLY_ONCE","/builds/gitlab/drit_digital_trace/owasp-webgoat/src/main/java/org/owasp/webgoat/lessons/csrf/CSRFGetFlag.java","40"
"Major","FB.DMI_RANDOM_USED_ONLY_ONCE","/builds/gitlab/drit_digital_trace/owasp-webgoat/src/main/java/org/owasp/webgoat/lessons/hijacksession/cas/HijackSessionAuthenticationProvider.java","29"
"Major","FB.DMI_RANDOM_USED_ONLY_ONCE","/builds/gitlab/drit_digital_trace/owasp-webgoat/src/main/java/org/owasp/webgoat/lessons/jwt/JWTSecretKeyEndpoint.java","38"
"Major","FB.DMI_RANDOM_USED_ONLY_ONCE","/builds/gitlab/drit_digital_trace/owasp-webgoat/src/main/java/org/owasp/webgoat/lessons/xss/DOMCrossSiteScripting.java","34"
"Minor","FB.DM_DEFAULT_ENCODING","/builds/gitlab/drit_digital_trace/owasp-webgoat/src/it/java/org/owasp/webgoat/integration/ChallengeIntegrationTest.java","35"
"Minor","FB.DM_DEFAULT_ENCODING","/builds/gitlab/drit_digital_trace/owasp-webgoat/src/it/java/org/owasp/webgoat/integration/CryptoIntegrationTest.java","64"
"Minor","FB.DM_DEFAULT_ENCODING","/builds/gitlab/drit_digital_trace/owasp-webgoat/src/it/java/org/owasp/webgoat/integration/CryptoIntegrationTest.java","148"
"Minor","FB.DM_DEFAULT_ENCODING","/builds/gitlab/drit_digital_trace/owasp-webgoat/src/it/java/org/owasp/webgoat/integration/CSRFIntegrationTest.java","109"
"Minor","FB.DM_DEFAULT_ENCODING","/builds/gitlab/drit_digital_trace/owasp-webgoat/src/it/java/org/owasp/webgoat/integration/JWTLessonIntegrationTest.java","142"
"Minor","FB.DM_DEFAULT_ENCODING","/builds/gitlab/drit_digital_trace/owasp-webgoat/src/it/java/org/owasp/webgoat/integration/JWTLessonIntegrationTest.java","155"
"Minor","FB.DM_DEFAULT_ENCODING","/builds/gitlab/drit_digital_trace/owasp-webgoat/src/it/java/org/owasp/webgoat/integration/JWTLessonIntegrationTest.java","180"
"Minor","FB.DM_DEFAULT_ENCODING","/builds/gitlab/drit_digital_trace/owasp-webgoat/src/it/java/org/owasp/webgoat/integration/JWTLessonIntegrationTest.java","198"
"Minor","FB.DM_DEFAULT_ENCODING","/builds/gitlab/drit_digital_trace/owasp-webgoat/src/it/java/org/owasp/webgoat/integration/JWTLessonIntegrationTest.java","260"
"Minor","FB.DM_DEFAULT_ENCODING","/builds/gitlab/drit_digital_trace/owasp-webgoat/src/it/java/org/owasp/webgoat/integration/PathTraversalIntegrationTest.java","40"
"Minor","FB.DM_DEFAULT_ENCODING","/builds/gitlab/drit_digital_trace/owasp-webgoat/src/it/java/org/owasp/webgoat/integration/XXEIntegrationTest.java","72"
"Minor","FB.DM_DEFAULT_ENCODING","/builds/gitlab/drit_digital_trace/owasp-webgoat/src/main/java/org/dummy/insecure/framework/VulnerableTaskHolder.java","70"
"Minor","FB.DM_DEFAULT_ENCODING","/builds/gitlab/drit_digital_trace/owasp-webgoat/src/main/java/org/owasp/webgoat/container/AsciiDoctorTemplateResolver.java","76"
"Minor","FB.DM_DEFAULT_ENCODING","/builds/gitlab/drit_digital_trace/owasp-webgoat/src/main/java/org/owasp/webgoat/lessons/challenges/challenge7/MD5.java","376"
"Minor","FB.DM_DEFAULT_ENCODING","/builds/gitlab/drit_digital_trace/owasp-webgoat/src/main/java/org/owasp/webgoat/lessons/cryptography/EncodingAssignment.java","26"
"Minor","FB.DM_DEFAULT_ENCODING","/builds/gitlab/drit_digital_trace/owasp-webgoat/src/main/java/org/owasp/webgoat/lessons/cryptography/HashingAssignment.java","40"
"Minor","FB.DM_DEFAULT_ENCODING","/builds/gitlab/drit_digital_trace/owasp-webgoat/src/main/java/org/owasp/webgoat/lessons/cryptography/HashingAssignment.java","85"
"Minor","FB.DM_DEFAULT_ENCODING","/builds/gitlab/drit_digital_trace/owasp-webgoat/src/main/java/org/owasp/webgoat/lessons/csrf/CSRFFeedback.java","53"
"Minor","FB.DM_DEFAULT_ENCODING","/builds/gitlab/drit_digital_trace/owasp-webgoat/src/main/java/org/owasp/webgoat/lessons/pathtraversal/ProfileUploadRetrieval.java","118"
"Minor","FB.DM_DEFAULT_ENCODING","/builds/gitlab/drit_digital_trace/owasp-webgoat/src/main/java/org/owasp/webgoat/lessons/spoofcookie/encoders/EncDec.java","59"
"Minor","FB.DM_DEFAULT_ENCODING","/builds/gitlab/drit_digital_trace/owasp-webgoat/src/main/java/org/owasp/webgoat/lessons/spoofcookie/encoders/EncDec.java","63"
"Minor","FB.DM_DEFAULT_ENCODING","/builds/gitlab/drit_digital_trace/owasp-webgoat/src/main/java/org/owasp/webgoat/lessons/spoofcookie/encoders/EncDec.java","67"
"Minor","FB.DM_DEFAULT_ENCODING","/builds/gitlab/drit_digital_trace/owasp-webgoat/src/main/java/org/owasp/webgoat/lessons/spoofcookie/encoders/EncDec.java","68"
"Minor","FB.DM_DEFAULT_ENCODING","/builds/gitlab/drit_digital_trace/owasp-webgoat/src/main/java/org/owasp/webgoat/lessons/xxe/Ping.java","34"
"Minor","FB.DM_DEFAULT_ENCODING","/builds/gitlab/drit_digital_trace/owasp-webgoat/src/test/java/org/owasp/webgoat/lessons/challenges/challenge7/MD5Test.java","21"
"Minor","FB.DM_DEFAULT_ENCODING","/builds/gitlab/drit_digital_trace/owasp-webgoat/src/test/java/org/owasp/webgoat/lessons/pathtraversal/ProfileUploadFixTest.java","32"
"Minor","FB.DM_DEFAULT_ENCODING","/builds/gitlab/drit_digital_trace/owasp-webgoat/src/test/java/org/owasp/webgoat/lessons/pathtraversal/ProfileUploadFixTest.java","48"
"Minor","FB.DM_DEFAULT_ENCODING","/builds/gitlab/drit_digital_trace/owasp-webgoat/src/test/java/org/owasp/webgoat/lessons/pathtraversal/ProfileUploadRemoveUserInputTest.java","32"
"Minor","FB.DM_DEFAULT_ENCODING","/builds/gitlab/drit_digital_trace/owasp-webgoat/src/test/java/org/owasp/webgoat/lessons/pathtraversal/ProfileUploadRemoveUserInputTest.java","48"
"Minor","FB.DM_DEFAULT_ENCODING","/builds/gitlab/drit_digital_trace/owasp-webgoat/src/test/java/org/owasp/webgoat/lessons/pathtraversal/ProfileUploadTest.java","32"
"Minor","FB.DM_DEFAULT_ENCODING","/builds/gitlab/drit_digital_trace/owasp-webgoat/src/test/java/org/owasp/webgoat/lessons/pathtraversal/ProfileUploadTest.java","49"
"Minor","FB.DM_DEFAULT_ENCODING","/builds/gitlab/drit_digital_trace/owasp-webgoat/src/test/java/org/owasp/webgoat/lessons/pathtraversal/ProfileUploadTest.java","66"
"Minor","FB.DM_DEFAULT_ENCODING","/builds/gitlab/drit_digital_trace/owasp-webgoat/src/test/java/org/owasp/webgoat/lessons/pathtraversal/ProfileUploadTest.java","84"
"Minor","FB.EI_EXPOSE_REP","/builds/gitlab/drit_digital_trace/owasp-webgoat/src/it/java/org/owasp/webgoat/playwright/webgoat/pages/lessons/HttpBasicsLessonPage.java","15"
"Minor","FB.EI_EXPOSE_REP","/builds/gitlab/drit_digital_trace/owasp-webgoat/src/it/java/org/owasp/webgoat/playwright/webgoat/pages/lessons/HttpBasicsLessonPage.java","16"
"Minor","FB.EI_EXPOSE_REP","/builds/gitlab/drit_digital_trace/owasp-webgoat/src/it/java/org/owasp/webgoat/playwright/webgoat/pages/lessons/LessonPage.java","19"
"Minor","FB.EI_EXPOSE_REP","/builds/gitlab/drit_digital_trace/owasp-webgoat/src/it/java/org/owasp/webgoat/playwright/webgoat/pages/RegistrationPage.java","18"
"Minor","FB.EI_EXPOSE_REP","/builds/gitlab/drit_digital_trace/owasp-webgoat/src/it/java/org/owasp/webgoat/playwright/webgoat/pages/WebGoatLoginPage.java","17"
"Minor","FB.EI_EXPOSE_REP","/builds/gitlab/drit_digital_trace/owasp-webgoat/src/it/java/org/owasp/webgoat/playwright/webwolf/pages/WebWolfLoginPage.java","18"
"Minor","FB.EI_EXPOSE_REP","/builds/gitlab/drit_digital_trace/owasp-webgoat/src/main/java/org/owasp/webgoat/container/assignments/AttackResult.java","17"
"Minor","FB.EI_EXPOSE_REP","/builds/gitlab/drit_digital_trace/owasp-webgoat/src/main/java/org/owasp/webgoat/container/assignments/AttackResult.java","19"
"Minor","FB.EI_EXPOSE_REP","/builds/gitlab/drit_digital_trace/owasp-webgoat/src/main/java/org/owasp/webgoat/container/LessonResourceScanner.java","23"
"Minor","FB.EI_EXPOSE_REP","/builds/gitlab/drit_digital_trace/owasp-webgoat/src/main/java/org/owasp/webgoat/container/lessons/Assignment.java","29"
"Minor","FB.EI_EXPOSE_REP","/builds/gitlab/drit_digital_trace/owasp-webgoat/src/main/java/org/owasp/webgoat/container/lessons/Lesson.java","16"
"Minor","FB.EI_EXPOSE_REP","/builds/gitlab/drit_digital_trace/owasp-webgoat/src/main/java/org/owasp/webgoat/container/lessons/LessonMenuItem.java","49"
"Minor","FB.EI_EXPOSE_REP","/builds/gitlab/drit_digital_trace/owasp-webgoat/src/main/java/org/owasp/webgoat/container/report/ReportCardController.java","57"
"Minor","FB.EI_EXPOSE_REP","/builds/gitlab/drit_digital_trace/owasp-webgoat/src/main/java/org/owasp/webgoat/container/service/HintService.java","39"
"Minor","FB.EI_EXPOSE_REP","/builds/gitlab/drit_digital_trace/owasp-webgoat/src/main/java/org/owasp/webgoat/container/session/Course.java","48"
"Minor","FB.EI_EXPOSE_REP","/builds/gitlab/drit_digital_trace/owasp-webgoat/src/main/java/org/owasp/webgoat/container/users/WebGoatUser.java","32"
"Minor","FB.EI_EXPOSE_REP","/builds/gitlab/drit_digital_trace/owasp-webgoat/src/main/java/org/owasp/webgoat/container/WebSecurityConfig.java","77"
"Minor","FB.EI_EXPOSE_REP","/builds/gitlab/drit_digital_trace/owasp-webgoat/src/main/java/org/owasp/webgoat/lessons/cia/CIAQuiz.java","58"
"Minor","FB.EI_EXPOSE_REP","/builds/gitlab/drit_digital_trace/owasp-webgoat/src/main/java/org/owasp/webgoat/lessons/jwt/JWTQuiz.java","53"
"Minor","FB.EI_EXPOSE_REP","/builds/gitlab/drit_digital_trace/owasp-webgoat/src/main/java/org/owasp/webgoat/lessons/sqlinjection/advanced/SqlInjectionQuiz.java","70"
"Minor","FB.EI_EXPOSE_REP","/builds/gitlab/drit_digital_trace/owasp-webgoat/src/main/java/org/owasp/webgoat/lessons/xss/CrossSiteScriptingQuiz.java","67"
"Minor","FB.EI_EXPOSE_REP","/builds/gitlab/drit_digital_trace/owasp-webgoat/src/main/java/org/owasp/webgoat/webwolf/user/WebWolfUser.java","29"
"Minor","FB.EI_EXPOSE_REP","/builds/gitlab/drit_digital_trace/owasp-webgoat/src/main/java/org/owasp/webgoat/webwolf/WebSecurityConfig.java","75"
"Minor","FB.EI_EXPOSE_REP2","/builds/gitlab/drit_digital_trace/owasp-webgoat/src/it/java/org/owasp/webgoat/playwright/webgoat/pages/lessons/LessonPage.java","22"
"Minor","FB.EI_EXPOSE_REP2","/builds/gitlab/drit_digital_trace/owasp-webgoat/src/it/java/org/owasp/webgoat/playwright/webgoat/pages/RegistrationPage.java","21"
"Minor","FB.EI_EXPOSE_REP2","/builds/gitlab/drit_digital_trace/owasp-webgoat/src/it/java/org/owasp/webgoat/playwright/webgoat/pages/WebGoatLoginPage.java","20"
"Minor","FB.EI_EXPOSE_REP2","/builds/gitlab/drit_digital_trace/owasp-webgoat/src/it/java/org/owasp/webgoat/playwright/webwolf/pages/WebWolfLoginPage.java","22"
"Minor","FB.EI_EXPOSE_REP2","/builds/gitlab/drit_digital_trace/owasp-webgoat/src/main/java/org/owasp/webgoat/container/assignments/AttackResult.java","46"
"Minor","FB.EI_EXPOSE_REP2","/builds/gitlab/drit_digital_trace/owasp-webgoat/src/main/java/org/owasp/webgoat/container/assignments/AttackResult.java","48"
"Minor","FB.EI_EXPOSE_REP2","/builds/gitlab/drit_digital_trace/owasp-webgoat/src/main/java/org/owasp/webgoat/container/assignments/AttackResultMessageResponseBodyAdvice.java","23"
"Minor","FB.EI_EXPOSE_REP2","/builds/gitlab/drit_digital_trace/owasp-webgoat/src/main/java/org/owasp/webgoat/container/assignments/LessonTrackerInterceptor.java","29"
"Minor","FB.EI_EXPOSE_REP2","/builds/gitlab/drit_digital_trace/owasp-webgoat/src/main/java/org/owasp/webgoat/container/controller/StartLesson.java","19"
"Minor","FB.EI_EXPOSE_REP2","/builds/gitlab/drit_digital_trace/owasp-webgoat/src/main/java/org/owasp/webgoat/container/DatabaseConfiguration.java","22"
"Minor","FB.EI_EXPOSE_REP2","/builds/gitlab/drit_digital_trace/owasp-webgoat/src/main/java/org/owasp/webgoat/container/HammerHead.java","15"
"Minor","FB.EI_EXPOSE_REP2","/builds/gitlab/drit_digital_trace/owasp-webgoat/src/main/java/org/owasp/webgoat/container/i18n/Language.java","17"
"Minor","FB.EI_EXPOSE_REP2","/builds/gitlab/drit_digital_trace/owasp-webgoat/src/main/java/org/owasp/webgoat/container/LessonDataSource.java","22"
"Minor","FB.EI_EXPOSE_REP2","/builds/gitlab/drit_digital_trace/owasp-webgoat/src/main/java/org/owasp/webgoat/container/lessons/Assignment.java","49"
"Minor","FB.EI_EXPOSE_REP2","/builds/gitlab/drit_digital_trace/owasp-webgoat/src/main/java/org/owasp/webgoat/container/lessons/CourseConfiguration.java","34"
"Minor","FB.EI_EXPOSE_REP2","/builds/gitlab/drit_digital_trace/owasp-webgoat/src/main/java/org/owasp/webgoat/container/lessons/CourseConfiguration.java","35"
"Minor","FB.EI_EXPOSE_REP2","/builds/gitlab/drit_digital_trace/owasp-webgoat/src/main/java/org/owasp/webgoat/container/lessons/Lesson.java","13"
"Minor","FB.EI_EXPOSE_REP2","/builds/gitlab/drit_digital_trace/owasp-webgoat/src/main/java/org/owasp/webgoat/container/lessons/LessonConnectionInvocationHandler.java","23"
"Minor","FB.EI_EXPOSE_REP2","/builds/gitlab/drit_digital_trace/owasp-webgoat/src/main/java/org/owasp/webgoat/container/lessons/LessonMenuItem.java","58"
"Minor","FB.EI_EXPOSE_REP2","/builds/gitlab/drit_digital_trace/owasp-webgoat/src/main/java/org/owasp/webgoat/container/report/ReportCardController.java","26"
"Minor","FB.EI_EXPOSE_REP2","/builds/gitlab/drit_digital_trace/owasp-webgoat/src/main/java/org/owasp/webgoat/container/report/ReportCardController.java","27"
"Minor","FB.EI_EXPOSE_REP2","/builds/gitlab/drit_digital_trace/owasp-webgoat/src/main/java/org/owasp/webgoat/container/report/ReportCardController.java","57"
"Minor","FB.EI_EXPOSE_REP2","/builds/gitlab/drit_digital_trace/owasp-webgoat/src/main/java/org/owasp/webgoat/container/service/LabelDebugService.java","21"
"Minor","FB.EI_EXPOSE_REP2","/builds/gitlab/drit_digital_trace/owasp-webgoat/src/main/java/org/owasp/webgoat/container/service/LabelService.java","21"
"Minor","FB.EI_EXPOSE_REP2","/builds/gitlab/drit_digital_trace/owasp-webgoat/src/main/java/org/owasp/webgoat/container/service/LessonInfoService.java","17"
"Minor","FB.EI_EXPOSE_REP2","/builds/gitlab/drit_digital_trace/owasp-webgoat/src/main/java/org/owasp/webgoat/container/service/LessonMenuService.java","26"
"Minor","FB.EI_EXPOSE_REP2","/builds/gitlab/drit_digital_trace/owasp-webgoat/src/main/java/org/owasp/webgoat/container/service/LessonProgressService.java","27"
"Minor","FB.EI_EXPOSE_REP2","/builds/gitlab/drit_digital_trace/owasp-webgoat/src/main/java/org/owasp/webgoat/container/service/RestartLessonService.java","26"
"Minor","FB.EI_EXPOSE_REP2","/builds/gitlab/drit_digital_trace/owasp-webgoat/src/main/java/org/owasp/webgoat/container/service/SessionService.java","16"
"Minor","FB.EI_EXPOSE_REP2","/builds/gitlab/drit_digital_trace/owasp-webgoat/src/main/java/org/owasp/webgoat/container/session/Course.java","19"
"Minor","FB.EI_EXPOSE_REP2","/builds/gitlab/drit_digital_trace/owasp-webgoat/src/main/java/org/owasp/webgoat/container/session/Course.java","62"
"Minor","FB.EI_EXPOSE_REP2","/builds/gitlab/drit_digital_trace/owasp-webgoat/src/main/java/org/owasp/webgoat/container/users/RegistrationController.java","28"
"Minor","FB.EI_EXPOSE_REP2","/builds/gitlab/drit_digital_trace/owasp-webgoat/src/main/java/org/owasp/webgoat/container/users/Scoreboard.java","25"
"Minor","FB.EI_EXPOSE_REP2","/builds/gitlab/drit_digital_trace/owasp-webgoat/src/main/java/org/owasp/webgoat/container/users/UserService.java","22"
"Minor","FB.EI_EXPOSE_REP2","/builds/gitlab/drit_digital_trace/owasp-webgoat/src/main/java/org/owasp/webgoat/container/WebSecurityConfig.java","24"
"Minor","FB.EI_EXPOSE_REP2","/builds/gitlab/drit_digital_trace/owasp-webgoat/src/main/java/org/owasp/webgoat/lessons/authbypass/VerifyAccount.java","38"
"Minor","FB.EI_EXPOSE_REP2","/builds/gitlab/drit_digital_trace/owasp-webgoat/src/main/java/org/owasp/webgoat/lessons/challenges/challenge5/Assignment5.java","26"
"Minor","FB.EI_EXPOSE_REP2","/builds/gitlab/drit_digital_trace/owasp-webgoat/src/main/java/org/owasp/webgoat/lessons/challenges/challenge7/Assignment7.java","60"
"Minor","FB.EI_EXPOSE_REP2","/builds/gitlab/drit_digital_trace/owasp-webgoat/src/main/java/org/owasp/webgoat/lessons/chromedevtools/NetworkDummy.java","30"
"Minor","FB.EI_EXPOSE_REP2","/builds/gitlab/drit_digital_trace/owasp-webgoat/src/main/java/org/owasp/webgoat/lessons/csrf/CSRFConfirmFlag1.java","26"
"Minor","FB.EI_EXPOSE_REP2","/builds/gitlab/drit_digital_trace/owasp-webgoat/src/main/java/org/owasp/webgoat/lessons/csrf/CSRFFeedback.java","37"
"Minor","FB.EI_EXPOSE_REP2","/builds/gitlab/drit_digital_trace/owasp-webgoat/src/main/java/org/owasp/webgoat/lessons/csrf/CSRFFeedback.java","38"
"Minor","FB.EI_EXPOSE_REP2","/builds/gitlab/drit_digital_trace/owasp-webgoat/src/main/java/org/owasp/webgoat/lessons/hijacksession/HijackSessionAssignment.java","44"
"Minor","FB.EI_EXPOSE_REP2","/builds/gitlab/drit_digital_trace/owasp-webgoat/src/main/java/org/owasp/webgoat/lessons/idor/IDOREditOtherProfile.java","37"
"Minor","FB.EI_EXPOSE_REP2","/builds/gitlab/drit_digital_trace/owasp-webgoat/src/main/java/org/owasp/webgoat/lessons/idor/IDORLogin.java","27"
"Minor","FB.EI_EXPOSE_REP2","/builds/gitlab/drit_digital_trace/owasp-webgoat/src/main/java/org/owasp/webgoat/lessons/idor/IDORViewOtherProfile.java","36"
"Minor","FB.EI_EXPOSE_REP2","/builds/gitlab/drit_digital_trace/owasp-webgoat/src/main/java/org/owasp/webgoat/lessons/idor/IDORViewOwnProfile.java","22"
"Minor","FB.EI_EXPOSE_REP2","/builds/gitlab/drit_digital_trace/owasp-webgoat/src/main/java/org/owasp/webgoat/lessons/idor/IDORViewOwnProfileAltUrl.java","29"
"Minor","FB.EI_EXPOSE_REP2","/builds/gitlab/drit_digital_trace/owasp-webgoat/src/main/java/org/owasp/webgoat/lessons/lessontemplate/SampleAttack.java","32"
"Minor","FB.EI_EXPOSE_REP2","/builds/gitlab/drit_digital_trace/owasp-webgoat/src/main/java/org/owasp/webgoat/lessons/passwordreset/ResetLinkAssignmentForgotPassword.java","46"
"Minor","FB.EI_EXPOSE_REP2","/builds/gitlab/drit_digital_trace/owasp-webgoat/src/main/java/org/owasp/webgoat/lessons/passwordreset/SimpleMailAssignment.java","37"
"Minor","FB.EI_EXPOSE_REP2","/builds/gitlab/drit_digital_trace/owasp-webgoat/src/main/java/org/owasp/webgoat/lessons/sqlinjection/advanced/SqlInjectionChallenge.java","39"
"Minor","FB.EI_EXPOSE_REP2","/builds/gitlab/drit_digital_trace/owasp-webgoat/src/main/java/org/owasp/webgoat/lessons/sqlinjection/advanced/SqlInjectionChallengeLogin.java","23"
"Minor","FB.EI_EXPOSE_REP2","/builds/gitlab/drit_digital_trace/owasp-webgoat/src/main/java/org/owasp/webgoat/lessons/sqlinjection/advanced/SqlInjectionLesson6a.java","39"
"Minor","FB.EI_EXPOSE_REP2","/builds/gitlab/drit_digital_trace/owasp-webgoat/src/main/java/org/owasp/webgoat/lessons/sqlinjection/advanced/SqlInjectionLesson6b.java","28"
"Minor","FB.EI_EXPOSE_REP2","/builds/gitlab/drit_digital_trace/owasp-webgoat/src/main/java/org/owasp/webgoat/lessons/sqlinjection/introduction/SqlInjectionLesson10.java","38"
"Minor","FB.EI_EXPOSE_REP2","/builds/gitlab/drit_digital_trace/owasp-webgoat/src/main/java/org/owasp/webgoat/lessons/sqlinjection/introduction/SqlInjectionLesson2.java","37"
"Minor","FB.EI_EXPOSE_REP2","/builds/gitlab/drit_digital_trace/owasp-webgoat/src/main/java/org/owasp/webgoat/lessons/sqlinjection/introduction/SqlInjectionLesson3.java","32"
"Minor","FB.EI_EXPOSE_REP2","/builds/gitlab/drit_digital_trace/owasp-webgoat/src/main/java/org/owasp/webgoat/lessons/sqlinjection/introduction/SqlInjectionLesson4.java","33"
"Minor","FB.EI_EXPOSE_REP2","/builds/gitlab/drit_digital_trace/owasp-webgoat/src/main/java/org/owasp/webgoat/lessons/sqlinjection/introduction/SqlInjectionLesson5.java","36"
"Minor","FB.EI_EXPOSE_REP2","/builds/gitlab/drit_digital_trace/owasp-webgoat/src/main/java/org/owasp/webgoat/lessons/sqlinjection/introduction/SqlInjectionLesson5a.java","34"
"Minor","FB.EI_EXPOSE_REP2","/builds/gitlab/drit_digital_trace/owasp-webgoat/src/main/java/org/owasp/webgoat/lessons/sqlinjection/introduction/SqlInjectionLesson5b.java","34"
"Minor","FB.EI_EXPOSE_REP2","/builds/gitlab/drit_digital_trace/owasp-webgoat/src/main/java/org/owasp/webgoat/lessons/sqlinjection/introduction/SqlInjectionLesson8.java","38"
"Minor","FB.EI_EXPOSE_REP2","/builds/gitlab/drit_digital_trace/owasp-webgoat/src/main/java/org/owasp/webgoat/lessons/sqlinjection/introduction/SqlInjectionLesson9.java","39"
"Minor","FB.EI_EXPOSE_REP2","/builds/gitlab/drit_digital_trace/owasp-webgoat/src/main/java/org/owasp/webgoat/lessons/sqlinjection/mitigation/Servers.java","44"
"Minor","FB.EI_EXPOSE_REP2","/builds/gitlab/drit_digital_trace/owasp-webgoat/src/main/java/org/owasp/webgoat/lessons/sqlinjection/mitigation/SqlInjectionLesson13.java","38"
"Minor","FB.EI_EXPOSE_REP2","/builds/gitlab/drit_digital_trace/owasp-webgoat/src/main/java/org/owasp/webgoat/lessons/sqlinjection/mitigation/SqlOnlyInputValidation.java","26"
"Minor","FB.EI_EXPOSE_REP2","/builds/gitlab/drit_digital_trace/owasp-webgoat/src/main/java/org/owasp/webgoat/lessons/sqlinjection/mitigation/SqlOnlyInputValidationOnKeywords.java","30"
"Minor","FB.EI_EXPOSE_REP2","/builds/gitlab/drit_digital_trace/owasp-webgoat/src/main/java/org/owasp/webgoat/lessons/webwolfintroduction/MailAssignment.java","35"
"Minor","FB.EI_EXPOSE_REP2","/builds/gitlab/drit_digital_trace/owasp-webgoat/src/main/java/org/owasp/webgoat/lessons/xss/CrossSiteScriptingLesson5a.java","39"
"Minor","FB.EI_EXPOSE_REP2","/builds/gitlab/drit_digital_trace/owasp-webgoat/src/main/java/org/owasp/webgoat/lessons/xss/CrossSiteScriptingLesson6a.java","31"
"Minor","FB.EI_EXPOSE_REP2","/builds/gitlab/drit_digital_trace/owasp-webgoat/src/main/java/org/owasp/webgoat/lessons/xss/DOMCrossSiteScripting.java","26"
"Minor","FB.EI_EXPOSE_REP2","/builds/gitlab/drit_digital_trace/owasp-webgoat/src/main/java/org/owasp/webgoat/lessons/xss/DOMCrossSiteScriptingVerifier.java","35"
"Minor","FB.EI_EXPOSE_REP2","/builds/gitlab/drit_digital_trace/owasp-webgoat/src/main/java/org/owasp/webgoat/lessons/xss/stored/StoredCrossSiteScriptingVerifier.java","25"
"Minor","FB.EI_EXPOSE_REP2","/builds/gitlab/drit_digital_trace/owasp-webgoat/src/main/java/org/owasp/webgoat/lessons/xxe/BlindSendFileAssignment.java","50"
"Minor","FB.EI_EXPOSE_REP2","/builds/gitlab/drit_digital_trace/owasp-webgoat/src/main/java/org/owasp/webgoat/lessons/xxe/CommentsEndpoint.java","23"
"Minor","FB.EI_EXPOSE_REP2","/builds/gitlab/drit_digital_trace/owasp-webgoat/src/main/java/org/owasp/webgoat/lessons/xxe/ContentTypeAssignment.java","42"
"Minor","FB.EI_EXPOSE_REP2","/builds/gitlab/drit_digital_trace/owasp-webgoat/src/main/java/org/owasp/webgoat/lessons/xxe/SimpleXXE.java","45"
"Minor","FB.EI_EXPOSE_REP2","/builds/gitlab/drit_digital_trace/owasp-webgoat/src/main/java/org/owasp/webgoat/webwolf/requests/Requests.java","29"
"Minor","FB.EI_EXPOSE_REP2","/builds/gitlab/drit_digital_trace/owasp-webgoat/src/main/java/org/owasp/webgoat/webwolf/WebSecurityConfig.java","25"
"Major","FB.GC_UNRELATED_TYPES","/builds/gitlab/drit_digital_trace/owasp-webgoat/src/main/java/org/owasp/webgoat/container/service/LessonMenuService.java","64"
"Minor","FB.HARD_CODE_PASSWORD","/builds/gitlab/drit_digital_trace/owasp-webgoat/src/it/java/org/owasp/webgoat/integration/ChallengeIntegrationTest.java","82"
"Minor","FB.HARD_CODE_PASSWORD","/builds/gitlab/drit_digital_trace/owasp-webgoat/src/it/java/org/owasp/webgoat/integration/CryptoIntegrationTest.java","78"
"Minor","FB.HARD_CODE_PASSWORD","/builds/gitlab/drit_digital_trace/owasp-webgoat/src/it/java/org/owasp/webgoat/integration/CSRFIntegrationTest.java","213"
"Minor","FB.HARD_CODE_PASSWORD","/builds/gitlab/drit_digital_trace/owasp-webgoat/src/it/java/org/owasp/webgoat/integration/GeneralLessonIntegrationTest.java","123"
"Minor","FB.HARD_CODE_PASSWORD","/builds/gitlab/drit_digital_trace/owasp-webgoat/src/it/java/org/owasp/webgoat/integration/GeneralLessonIntegrationTest.java","133"
"Minor","FB.HARD_CODE_PASSWORD","/builds/gitlab/drit_digital_trace/owasp-webgoat/src/it/java/org/owasp/webgoat/integration/IDORIntegrationTest.java","44"
"Minor","FB.HARD_CODE_PASSWORD","/builds/gitlab/drit_digital_trace/owasp-webgoat/src/it/java/org/owasp/webgoat/integration/SqlInjectionAdvancedIntegrationTest.java","19"
"Minor","FB.HARD_CODE_PASSWORD","/builds/gitlab/drit_digital_trace/owasp-webgoat/src/it/java/org/owasp/webgoat/integration/SqlInjectionAdvancedIntegrationTest.java","21"
"Minor","FB.HARD_CODE_PASSWORD","/builds/gitlab/drit_digital_trace/owasp-webgoat/src/it/java/org/owasp/webgoat/integration/SqlInjectionAdvancedIntegrationTest.java","26"
"Minor","FB.HARD_CODE_PASSWORD","/builds/gitlab/drit_digital_trace/owasp-webgoat/src/main/java/org/owasp/webgoat/lessons/idor/IDORLogin.java","35"
"Minor","FB.HARD_CODE_PASSWORD","/builds/gitlab/drit_digital_trace/owasp-webgoat/src/main/java/org/owasp/webgoat/lessons/idor/IDORLogin.java","41"
"Minor","FB.HARD_CODE_PASSWORD","/builds/gitlab/drit_digital_trace/owasp-webgoat/src/test/java/org/owasp/webgoat/container/users/UserValidatorTest.java","29"
"Minor","FB.HARD_CODE_PASSWORD","/builds/gitlab/drit_digital_trace/owasp-webgoat/src/test/java/org/owasp/webgoat/container/users/UserValidatorTest.java","30"
"Minor","FB.HARD_CODE_PASSWORD","/builds/gitlab/drit_digital_trace/owasp-webgoat/src/test/java/org/owasp/webgoat/container/users/UserValidatorTest.java","41"
"Minor","FB.HARD_CODE_PASSWORD","/builds/gitlab/drit_digital_trace/owasp-webgoat/src/test/java/org/owasp/webgoat/container/users/UserValidatorTest.java","42"
"Minor","FB.HARD_CODE_PASSWORD","/builds/gitlab/drit_digital_trace/owasp-webgoat/src/test/java/org/owasp/webgoat/container/users/UserValidatorTest.java","54"
"Minor","FB.HARD_CODE_PASSWORD","/builds/gitlab/drit_digital_trace/owasp-webgoat/src/test/java/org/owasp/webgoat/container/users/UserValidatorTest.java","55"
"Major","FB.ICAST_INTEGER_MULTIPLY_CAST_TO_LONG","/builds/gitlab/drit_digital_trace/owasp-webgoat/src/main/java/org/owasp/webgoat/lessons/challenges/challenge7/MD5.java","297"
"Minor","FB.MS_PKGPROTECT","/builds/gitlab/drit_digital_trace/owasp-webgoat/src/main/java/org/owasp/webgoat/lessons/cryptography/HashingAssignment.java","28"
"Minor","FB.MS_PKGPROTECT","/builds/gitlab/drit_digital_trace/owasp-webgoat/src/main/java/org/owasp/webgoat/lessons/jwt/JWTSecretKeyEndpoint.java","34"
"Minor","FB.NP_NULL_ON_SOME_PATH_FROM_RETURN_VALUE","/builds/gitlab/drit_digital_trace/owasp-webgoat/src/main/java/org/owasp/webgoat/lessons/pathtraversal/ProfileZipSlip.java","58"
"Minor","FB.NP_NULL_ON_SOME_PATH_FROM_RETURN_VALUE","/builds/gitlab/drit_digital_trace/owasp-webgoat/src/main/java/org/owasp/webgoat/server/StartWebGoat.java","44"
"Minor","FB.NP_NULL_ON_SOME_PATH_FROM_RETURN_VALUE","/builds/gitlab/drit_digital_trace/owasp-webgoat/src/main/java/org/owasp/webgoat/webwolf/FileServer.java","79"
"Minor","FB.NP_NULL_ON_SOME_PATH_FROM_RETURN_VALUE","/builds/gitlab/drit_digital_trace/owasp-webgoat/src/main/java/org/owasp/webgoat/webwolf/jwt/JWTController.java","32"
"Minor","FB.NP_NULL_PARAM_DEREF","/builds/gitlab/drit_digital_trace/owasp-webgoat/src/main/java/org/owasp/webgoat/container/LessonTemplateResolver.java","61"
"Minor","FB.OBL_UNSATISFIED_OBLIGATION","/builds/gitlab/drit_digital_trace/owasp-webgoat/src/main/java/org/owasp/webgoat/lessons/challenges/challenge5/Assignment5.java","44"
"Minor","FB.OBL_UNSATISFIED_OBLIGATION","/builds/gitlab/drit_digital_trace/owasp-webgoat/src/main/java/org/owasp/webgoat/lessons/challenges/challenge5/Assignment5.java","50"
"Minor","FB.OBL_UNSATISFIED_OBLIGATION","/builds/gitlab/drit_digital_trace/owasp-webgoat/src/main/java/org/owasp/webgoat/lessons/jwt/claimmisuse/JWTHeaderKIDEndpoint.java","74"
"Minor","FB.OBL_UNSATISFIED_OBLIGATION","/builds/gitlab/drit_digital_trace/owasp-webgoat/src/main/java/org/owasp/webgoat/lessons/jwt/claimmisuse/JWTHeaderKIDEndpoint.java","75"
"Minor","FB.OBL_UNSATISFIED_OBLIGATION","/builds/gitlab/drit_digital_trace/owasp-webgoat/src/main/java/org/owasp/webgoat/lessons/sqlinjection/advanced/SqlInjectionChallenge.java","56"
"Minor","FB.OBL_UNSATISFIED_OBLIGATION","/builds/gitlab/drit_digital_trace/owasp-webgoat/src/main/java/org/owasp/webgoat/lessons/sqlinjection/advanced/SqlInjectionChallenge.java","57"
"Minor","FB.OBL_UNSATISFIED_OBLIGATION","/builds/gitlab/drit_digital_trace/owasp-webgoat/src/main/java/org/owasp/webgoat/lessons/sqlinjection/advanced/SqlInjectionChallengeLogin.java","34"
"Minor","FB.OBL_UNSATISFIED_OBLIGATION","/builds/gitlab/drit_digital_trace/owasp-webgoat/src/main/java/org/owasp/webgoat/lessons/sqlinjection/advanced/SqlInjectionChallengeLogin.java","38"
"Minor","FB.OBL_UNSATISFIED_OBLIGATION","/builds/gitlab/drit_digital_trace/owasp-webgoat/src/main/java/org/owasp/webgoat/lessons/sqlinjection/advanced/SqlInjectionLesson6b.java","47"
"Minor","FB.OBL_UNSATISFIED_OBLIGATION","/builds/gitlab/drit_digital_trace/owasp-webgoat/src/main/java/org/owasp/webgoat/lessons/sqlinjection/advanced/SqlInjectionLesson6b.java","49"
"Minor","FB.OBL_UNSATISFIED_OBLIGATION","/builds/gitlab/drit_digital_trace/owasp-webgoat/src/main/java/org/owasp/webgoat/lessons/sqlinjection/introduction/SqlInjectionLesson10.java","54"
"Minor","FB.OBL_UNSATISFIED_OBLIGATION","/builds/gitlab/drit_digital_trace/owasp-webgoat/src/main/java/org/owasp/webgoat/lessons/sqlinjection/introduction/SqlInjectionLesson10.java","99"
"Minor","FB.OBL_UNSATISFIED_OBLIGATION","/builds/gitlab/drit_digital_trace/owasp-webgoat/src/main/java/org/owasp/webgoat/lessons/sqlinjection/introduction/SqlInjectionLesson10.java","100"
"Minor","FB.OBL_UNSATISFIED_OBLIGATION","/builds/gitlab/drit_digital_trace/owasp-webgoat/src/main/java/org/owasp/webgoat/lessons/sqlinjection/introduction/SqlInjectionLesson2.java","48"
"Minor","FB.OBL_UNSATISFIED_OBLIGATION","/builds/gitlab/drit_digital_trace/owasp-webgoat/src/main/java/org/owasp/webgoat/lessons/sqlinjection/introduction/SqlInjectionLesson2.java","49"
"Minor","FB.OBL_UNSATISFIED_OBLIGATION","/builds/gitlab/drit_digital_trace/owasp-webgoat/src/main/java/org/owasp/webgoat/lessons/sqlinjection/introduction/SqlInjectionLesson3.java","44"
"Minor","FB.OBL_UNSATISFIED_OBLIGATION","/builds/gitlab/drit_digital_trace/owasp-webgoat/src/main/java/org/owasp/webgoat/lessons/sqlinjection/introduction/SqlInjectionLesson5.java","82"
"Minor","FB.OBL_UNSATISFIED_OBLIGATION","/builds/gitlab/drit_digital_trace/owasp-webgoat/src/main/java/org/owasp/webgoat/lessons/sqlinjection/introduction/SqlInjectionLesson5.java","87"
"Minor","FB.OBL_UNSATISFIED_OBLIGATION","/builds/gitlab/drit_digital_trace/owasp-webgoat/src/main/java/org/owasp/webgoat/lessons/sqlinjection/introduction/SqlInjectionLesson5b.java","48"
"Minor","FB.OBL_UNSATISFIED_OBLIGATION","/builds/gitlab/drit_digital_trace/owasp-webgoat/src/main/java/org/owasp/webgoat/lessons/sqlinjection/introduction/SqlInjectionLesson5b.java","69"
"Minor","FB.OBL_UNSATISFIED_OBLIGATION","/builds/gitlab/drit_digital_trace/owasp-webgoat/src/main/java/org/owasp/webgoat/lessons/sqlinjection/introduction/SqlInjectionLesson8.java","59"
"Minor","FB.OBL_UNSATISFIED_OBLIGATION","/builds/gitlab/drit_digital_trace/owasp-webgoat/src/main/java/org/owasp/webgoat/lessons/sqlinjection/introduction/SqlInjectionLesson8.java","62"
"Minor","FB.OBL_UNSATISFIED_OBLIGATION","/builds/gitlab/drit_digital_trace/owasp-webgoat/src/main/java/org/owasp/webgoat/lessons/sqlinjection/introduction/SqlInjectionLesson8.java","141"
"Minor","FB.OBL_UNSATISFIED_OBLIGATION","/builds/gitlab/drit_digital_trace/owasp-webgoat/src/main/java/org/owasp/webgoat/lessons/sqlinjection/introduction/SqlInjectionLesson9.java","63"
"Minor","FB.OBL_UNSATISFIED_OBLIGATION","/builds/gitlab/drit_digital_trace/owasp-webgoat/src/main/java/org/owasp/webgoat/lessons/sqlinjection/introduction/SqlInjectionLesson9.java","93"
"Minor","FB.OBL_UNSATISFIED_OBLIGATION","/builds/gitlab/drit_digital_trace/owasp-webgoat/src/main/java/org/owasp/webgoat/lessons/sqlinjection/introduction/SqlInjectionLesson9.java","94"
"Minor","FB.OBL_UNSATISFIED_OBLIGATION","/builds/gitlab/drit_digital_trace/owasp-webgoat/src/test/java/org/owasp/webgoat/lessons/sqlinjection/introduction/SqlInjectionLesson5Test.java","27"
"Minor","FB.OBL_UNSATISFIED_OBLIGATION_EXCEPTION_EDGE","/builds/gitlab/drit_digital_trace/owasp-webgoat/src/main/java/org/owasp/webgoat/lessons/sqlinjection/introduction/SqlInjectionLesson9.java","116"
"Minor","FB.ODR_OPEN_DATABASE_RESOURCE","/builds/gitlab/drit_digital_trace/owasp-webgoat/src/main/java/org/owasp/webgoat/lessons/challenges/challenge5/Assignment5.java","44"
"Minor","FB.ODR_OPEN_DATABASE_RESOURCE","/builds/gitlab/drit_digital_trace/owasp-webgoat/src/main/java/org/owasp/webgoat/lessons/jwt/claimmisuse/JWTHeaderKIDEndpoint.java","74"
"Minor","FB.ODR_OPEN_DATABASE_RESOURCE","/builds/gitlab/drit_digital_trace/owasp-webgoat/src/main/java/org/owasp/webgoat/lessons/sqlinjection/advanced/SqlInjectionChallenge.java","56"
"Minor","FB.ODR_OPEN_DATABASE_RESOURCE","/builds/gitlab/drit_digital_trace/owasp-webgoat/src/main/java/org/owasp/webgoat/lessons/sqlinjection/advanced/SqlInjectionChallenge.java","63"
"Minor","FB.ODR_OPEN_DATABASE_RESOURCE","/builds/gitlab/drit_digital_trace/owasp-webgoat/src/main/java/org/owasp/webgoat/lessons/sqlinjection/advanced/SqlInjectionChallengeLogin.java","34"
"Minor","FB.ODR_OPEN_DATABASE_RESOURCE","/builds/gitlab/drit_digital_trace/owasp-webgoat/src/main/java/org/owasp/webgoat/lessons/sqlinjection/advanced/SqlInjectionLesson6b.java","47"
"Minor","FB.ODR_OPEN_DATABASE_RESOURCE","/builds/gitlab/drit_digital_trace/owasp-webgoat/src/main/java/org/owasp/webgoat/lessons/sqlinjection/introduction/SqlInjectionLesson10.java","54"
"Minor","FB.ODR_OPEN_DATABASE_RESOURCE","/builds/gitlab/drit_digital_trace/owasp-webgoat/src/main/java/org/owasp/webgoat/lessons/sqlinjection/introduction/SqlInjectionLesson2.java","48"
"Minor","FB.ODR_OPEN_DATABASE_RESOURCE","/builds/gitlab/drit_digital_trace/owasp-webgoat/src/main/java/org/owasp/webgoat/lessons/sqlinjection/introduction/SqlInjectionLesson3.java","46"
"Minor","FB.ODR_OPEN_DATABASE_RESOURCE","/builds/gitlab/drit_digital_trace/owasp-webgoat/src/main/java/org/owasp/webgoat/lessons/sqlinjection/introduction/SqlInjectionLesson5b.java","48"
"Minor","FB.ODR_OPEN_DATABASE_RESOURCE","/builds/gitlab/drit_digital_trace/owasp-webgoat/src/main/java/org/owasp/webgoat/lessons/sqlinjection/introduction/SqlInjectionLesson8.java","59"
"Minor","FB.ODR_OPEN_DATABASE_RESOURCE","/builds/gitlab/drit_digital_trace/owasp-webgoat/src/main/java/org/owasp/webgoat/lessons/sqlinjection/introduction/SqlInjectionLesson9.java","63"
"Minor","FB.ODR_OPEN_DATABASE_RESOURCE","/builds/gitlab/drit_digital_trace/owasp-webgoat/src/test/java/org/owasp/webgoat/lessons/sqlinjection/introduction/SqlInjectionLesson5Test.java","27"
"Minor","FB.OS_OPEN_STREAM","/builds/gitlab/drit_digital_trace/owasp-webgoat/src/main/java/org/dummy/insecure/framework/VulnerableTaskHolder.java","70"
"Minor","FB.OS_OPEN_STREAM","/builds/gitlab/drit_digital_trace/owasp-webgoat/src/main/java/org/owasp/webgoat/lessons/pathtraversal/ProfileZipSlip.java","75"
"Minor","FB.PATH_TRAVERSAL_IN","/builds/gitlab/drit_digital_trace/owasp-webgoat/src/it/java/org/owasp/webgoat/integration/CSRFIntegrationTest.java","99"
"Minor","FB.PATH_TRAVERSAL_IN","/builds/gitlab/drit_digital_trace/owasp-webgoat/src/it/java/org/owasp/webgoat/integration/LabelAndHintIntegrationTest.java","168"
"Minor","FB.PATH_TRAVERSAL_IN","/builds/gitlab/drit_digital_trace/owasp-webgoat/src/it/java/org/owasp/webgoat/integration/PathTraversalIntegrationTest.java","127"
"Minor","FB.PATH_TRAVERSAL_IN","/builds/gitlab/drit_digital_trace/owasp-webgoat/src/main/java/org/owasp/webgoat/container/WebGoat.java","31"
"Minor","FB.PATH_TRAVERSAL_IN","/builds/gitlab/drit_digital_trace/owasp-webgoat/src/main/java/org/owasp/webgoat/lessons/challenges/challenge7/MD5.java","53"
"Minor","FB.PATH_TRAVERSAL_IN","/builds/gitlab/drit_digital_trace/owasp-webgoat/src/main/java/org/owasp/webgoat/lessons/clientsidefiltering/Salaries.java","42"
"Minor","FB.PATH_TRAVERSAL_IN","/builds/gitlab/drit_digital_trace/owasp-webgoat/src/main/java/org/owasp/webgoat/lessons/clientsidefiltering/Salaries.java","59"
"Minor","FB.PATH_TRAVERSAL_IN","/builds/gitlab/drit_digital_trace/owasp-webgoat/src/main/java/org/owasp/webgoat/lessons/pathtraversal/ProfileUploadBase.java","51"
"Minor","FB.PATH_TRAVERSAL_IN","/builds/gitlab/drit_digital_trace/owasp-webgoat/src/main/java/org/owasp/webgoat/lessons/pathtraversal/ProfileUploadBase.java","70"
"Minor","FB.PATH_TRAVERSAL_IN","/builds/gitlab/drit_digital_trace/owasp-webgoat/src/main/java/org/owasp/webgoat/lessons/pathtraversal/ProfileUploadBase.java","103"
"Minor","FB.PATH_TRAVERSAL_IN","/builds/gitlab/drit_digital_trace/owasp-webgoat/src/main/java/org/owasp/webgoat/lessons/pathtraversal/ProfileUploadRetrieval.java","54"
"Minor","FB.PATH_TRAVERSAL_IN","/builds/gitlab/drit_digital_trace/owasp-webgoat/src/main/java/org/owasp/webgoat/lessons/pathtraversal/ProfileUploadRetrieval.java","64"
"Minor","FB.PATH_TRAVERSAL_IN","/builds/gitlab/drit_digital_trace/owasp-webgoat/src/main/java/org/owasp/webgoat/lessons/pathtraversal/ProfileUploadRetrieval.java","101"
"Minor","FB.PATH_TRAVERSAL_IN","/builds/gitlab/drit_digital_trace/owasp-webgoat/src/main/java/org/owasp/webgoat/lessons/pathtraversal/ProfileZipSlip.java","67"
"Minor","FB.PATH_TRAVERSAL_IN","/builds/gitlab/drit_digital_trace/owasp-webgoat/src/main/java/org/owasp/webgoat/lessons/pathtraversal/ProfileZipSlip.java","79"
"Minor","FB.PATH_TRAVERSAL_IN","/builds/gitlab/drit_digital_trace/owasp-webgoat/src/main/java/org/owasp/webgoat/lessons/xxe/BlindSendFileAssignment.java","56"
"Minor","FB.PATH_TRAVERSAL_IN","/builds/gitlab/drit_digital_trace/owasp-webgoat/src/main/java/org/owasp/webgoat/lessons/xxe/Ping.java","32"
"Minor","FB.PATH_TRAVERSAL_IN","/builds/gitlab/drit_digital_trace/owasp-webgoat/src/main/java/org/owasp/webgoat/webwolf/FileServer.java","70"
"Minor","FB.PATH_TRAVERSAL_IN","/builds/gitlab/drit_digital_trace/owasp-webgoat/src/main/java/org/owasp/webgoat/webwolf/FileServer.java","79"
"Minor","FB.PATH_TRAVERSAL_IN","/builds/gitlab/drit_digital_trace/owasp-webgoat/src/main/java/org/owasp/webgoat/webwolf/FileServer.java","90"
"Minor","FB.PATH_TRAVERSAL_IN","/builds/gitlab/drit_digital_trace/owasp-webgoat/src/main/java/org/owasp/webgoat/webwolf/FileServer.java","94"
"Minor","FB.PATH_TRAVERSAL_IN","/builds/gitlab/drit_digital_trace/owasp-webgoat/src/main/java/org/owasp/webgoat/webwolf/MvcConfiguration.java","52"
"Minor","FB.PATH_TRAVERSAL_IN","/builds/gitlab/drit_digital_trace/owasp-webgoat/src/test/java/org/owasp/webgoat/lessons/xxe/BlindSendFileAssignmentTest.java","91"
"Minor","FB.PATH_TRAVERSAL_IN","/builds/gitlab/drit_digital_trace/owasp-webgoat/src/test/java/org/owasp/webgoat/lessons/xxe/BlindSendFileAssignmentTest.java","105"
"Minor","FB.PATH_TRAVERSAL_IN","/builds/gitlab/drit_digital_trace/owasp-webgoat/src/test/java/org/owasp/webgoat/lessons/xxe/BlindSendFileAssignmentTest.java","137"
"Minor","FB.PREDICTABLE_RANDOM","/builds/gitlab/drit_digital_trace/owasp-webgoat/src/main/java/org/owasp/webgoat/lessons/challenges/challenge1/ImageServlet.java","21"
"Minor","FB.PREDICTABLE_RANDOM","/builds/gitlab/drit_digital_trace/owasp-webgoat/src/main/java/org/owasp/webgoat/lessons/challenges/challenge7/PasswordResetLink.java","18"
"Minor","FB.PREDICTABLE_RANDOM","/builds/gitlab/drit_digital_trace/owasp-webgoat/src/main/java/org/owasp/webgoat/lessons/cryptography/EncodingAssignment.java","37"
"Minor","FB.PREDICTABLE_RANDOM","/builds/gitlab/drit_digital_trace/owasp-webgoat/src/main/java/org/owasp/webgoat/lessons/cryptography/HashingAssignment.java","37"
"Minor","FB.PREDICTABLE_RANDOM","/builds/gitlab/drit_digital_trace/owasp-webgoat/src/main/java/org/owasp/webgoat/lessons/cryptography/HashingAssignment.java","55"
"Minor","FB.PREDICTABLE_RANDOM","/builds/gitlab/drit_digital_trace/owasp-webgoat/src/main/java/org/owasp/webgoat/lessons/csrf/CSRFGetFlag.java","39"
"Minor","FB.PREDICTABLE_RANDOM","/builds/gitlab/drit_digital_trace/owasp-webgoat/src/main/java/org/owasp/webgoat/lessons/csrf/CSRFGetFlag.java","45"
"Minor","FB.PREDICTABLE_RANDOM","/builds/gitlab/drit_digital_trace/owasp-webgoat/src/main/java/org/owasp/webgoat/lessons/csrf/CSRFGetFlag.java","56"
"Minor","FB.PREDICTABLE_RANDOM","/builds/gitlab/drit_digital_trace/owasp-webgoat/src/main/java/org/owasp/webgoat/lessons/hijacksession/cas/HijackSessionAuthenticationProvider.java","29"
"Minor","FB.PREDICTABLE_RANDOM","/builds/gitlab/drit_digital_trace/owasp-webgoat/src/main/java/org/owasp/webgoat/lessons/hijacksession/cas/HijackSessionAuthenticationProvider.java","60"
"Minor","FB.PREDICTABLE_RANDOM","/builds/gitlab/drit_digital_trace/owasp-webgoat/src/main/java/org/owasp/webgoat/lessons/jwt/JWTSecretKeyEndpoint.java","38"
"Major","FB.REC_CATCH_EXCEPTION","/builds/gitlab/drit_digital_trace/owasp-webgoat/src/main/java/org/owasp/webgoat/lessons/sqlinjection/introduction/SqlInjectionLesson5.java","48"
"Major","FB.RV_RETURN_VALUE_IGNORED","/builds/gitlab/drit_digital_trace/owasp-webgoat/src/main/java/org/owasp/webgoat/lessons/sqlinjection/introduction/SqlInjectionLesson5.java","65"
"Major","FB.RV_RETURN_VALUE_IGNORED_BAD_PRACTICE","/builds/gitlab/drit_digital_trace/owasp-webgoat/src/main/java/org/owasp/webgoat/lessons/clientsidefiltering/Salaries.java","44"
"Major","FB.RV_RETURN_VALUE_IGNORED_BAD_PRACTICE","/builds/gitlab/drit_digital_trace/owasp-webgoat/src/main/java/org/owasp/webgoat/lessons/pathtraversal/ProfileUploadBase.java","52"
"Major","FB.RV_RETURN_VALUE_IGNORED_BAD_PRACTICE","/builds/gitlab/drit_digital_trace/owasp-webgoat/src/main/java/org/owasp/webgoat/lessons/pathtraversal/ProfileUploadRetrieval.java","55"
"Major","FB.RV_RETURN_VALUE_IGNORED_BAD_PRACTICE","/builds/gitlab/drit_digital_trace/owasp-webgoat/src/main/java/org/owasp/webgoat/lessons/xxe/BlindSendFileAssignment.java","58"
"Major","FB.RV_RETURN_VALUE_IGNORED_BAD_PRACTICE","/builds/gitlab/drit_digital_trace/owasp-webgoat/src/main/java/org/owasp/webgoat/webwolf/FileServer.java","71"
"Major","FB.RV_RETURN_VALUE_IGNORED_BAD_PRACTICE","/builds/gitlab/drit_digital_trace/owasp-webgoat/src/main/java/org/owasp/webgoat/webwolf/FileServer.java","98"
"Major","FB.RV_RETURN_VALUE_IGNORED_BAD_PRACTICE","/builds/gitlab/drit_digital_trace/owasp-webgoat/src/main/java/org/owasp/webgoat/webwolf/MvcConfiguration.java","54"
"Minor","FB.RV_RETURN_VALUE_IGNORED_NO_SIDE_EFFECT","/builds/gitlab/drit_digital_trace/owasp-webgoat/src/main/java/org/owasp/webgoat/lessons/vulnerablecomponents/VulnerableComponentsLesson.java","49"
"Major","FB.ST_WRITE_TO_STATIC_FROM_INSTANCE_METHOD","/builds/gitlab/drit_digital_trace/owasp-webgoat/src/main/java/org/owasp/webgoat/container/asciidoc/EnvironmentExposure.java","28"
"Minor","FB.UC_USELESS_OBJECT","/builds/gitlab/drit_digital_trace/owasp-webgoat/src/main/java/org/owasp/webgoat/lessons/clientsidefiltering/Salaries.java","64"
"Major","FB.UI_INHERITANCE_UNSAFE_GETRESOURCE","/builds/gitlab/drit_digital_trace/owasp-webgoat/src/main/java/org/owasp/webgoat/lessons/pathtraversal/ProfileUploadBase.java","126"
"Major","FB.URF_UNREAD_FIELD","/builds/gitlab/drit_digital_trace/owasp-webgoat/src/main/java/org/owasp/webgoat/lessons/lessontemplate/SampleAttack.java","71"
"Major","FB.VA_FORMAT_STRING_USES_NEWLINE","/builds/gitlab/drit_digital_trace/owasp-webgoat/src/it/java/org/owasp/webgoat/integration/AccessControlIntegrationTest.java","46"
"Major","HANDLE_LEAK","/builds/gitlab/drit_digital_trace/owasp-webgoat/src/main/java/org/owasp/webgoat/lessons/challenges/challenge5/Assignment5.java","44"
"Major","HANDLE_LEAK","/builds/gitlab/drit_digital_trace/owasp-webgoat/src/main/java/org/owasp/webgoat/lessons/pathtraversal/ProfileZipSlip.java","75"
"Major","HANDLE_LEAK","/builds/gitlab/drit_digital_trace/owasp-webgoat/src/main/java/org/owasp/webgoat/lessons/sqlinjection/advanced/SqlInjectionChallengeLogin.java","34"
"Major","HANDLE_LEAK","/builds/gitlab/drit_digital_trace/owasp-webgoat/src/main/java/org/owasp/webgoat/lessons/sqlinjection/introduction/SqlInjectionLesson10.java","54"
"Major","HANDLE_LEAK","/builds/gitlab/drit_digital_trace/owasp-webgoat/src/main/java/org/owasp/webgoat/lessons/sqlinjection/introduction/SqlInjectionLesson10.java","99"
"Major","HANDLE_LEAK","/builds/gitlab/drit_digital_trace/owasp-webgoat/src/main/java/org/owasp/webgoat/lessons/sqlinjection/introduction/SqlInjectionLesson2.java","48"
"Major","HANDLE_LEAK","/builds/gitlab/drit_digital_trace/owasp-webgoat/src/main/java/org/owasp/webgoat/lessons/sqlinjection/introduction/SqlInjectionLesson3.java","46"
"Major","HANDLE_LEAK","/builds/gitlab/drit_digital_trace/owasp-webgoat/src/main/java/org/owasp/webgoat/lessons/sqlinjection/introduction/SqlInjectionLesson5.java","82"
"Major","HANDLE_LEAK","/builds/gitlab/drit_digital_trace/owasp-webgoat/src/main/java/org/owasp/webgoat/lessons/sqlinjection/introduction/SqlInjectionLesson5b.java","48"
"Major","HANDLE_LEAK","/builds/gitlab/drit_digital_trace/owasp-webgoat/src/main/java/org/owasp/webgoat/lessons/sqlinjection/introduction/SqlInjectionLesson8.java","59"
"Major","HANDLE_LEAK","/builds/gitlab/drit_digital_trace/owasp-webgoat/src/main/java/org/owasp/webgoat/lessons/sqlinjection/introduction/SqlInjectionLesson8.java","141"
"Major","HANDLE_LEAK","/builds/gitlab/drit_digital_trace/owasp-webgoat/src/main/java/org/owasp/webgoat/lessons/sqlinjection/introduction/SqlInjectionLesson9.java","63"
"Major","HANDLE_LEAK","/builds/gitlab/drit_digital_trace/owasp-webgoat/src/main/java/org/owasp/webgoat/lessons/sqlinjection/introduction/SqlInjectionLesson9.java","93"
"Major","HANDLE_LEAK","/builds/gitlab/drit_digital_trace/owasp-webgoat/src/main/java/org/owasp/webgoat/lessons/sqlinjection/introduction/SqlInjectionLesson9.java","116"
"Major","HANDLE_LEAK","/builds/gitlab/drit_digital_trace/owasp-webgoat/src/test/java/org/owasp/webgoat/lessons/sqlinjection/introduction/SqlInjectionLesson5Test.java","27"
"Normal","HANDLE_LEAK.EXCEPTION","/builds/gitlab/drit_digital_trace/owasp-webgoat/src/it/java/org/owasp/webgoat/integration/PathTraversalIntegrationTest.java","129"
"Normal","HANDLE_LEAK.EXCEPTION","/builds/gitlab/drit_digital_trace/owasp-webgoat/src/main/java/org/owasp/webgoat/lessons/pathtraversal/ProfileUploadBase.java","126"
"Normal","HANDLE_LEAK.EXCEPTION","/builds/gitlab/drit_digital_trace/owasp-webgoat/src/main/java/org/owasp/webgoat/lessons/sqlinjection/advanced/SqlInjectionChallenge.java","56"
"Normal","HANDLE_LEAK.EXCEPTION","/builds/gitlab/drit_digital_trace/owasp-webgoat/src/main/java/org/owasp/webgoat/lessons/sqlinjection/advanced/SqlInjectionChallenge.java","63"
"Normal","HANDLE_LEAK.EXCEPTION","/builds/gitlab/drit_digital_trace/owasp-webgoat/src/main/java/org/owasp/webgoat/lessons/sqlinjection/advanced/SqlInjectionLesson6b.java","47"
"Normal","NO_CATCH","/builds/gitlab/drit_digital_trace/owasp-webgoat/src/main/java/org/owasp/webgoat/server/StartWebGoat.java","24"
"Normal","NO_CATCH.LIBRARY","/builds/gitlab/drit_digital_trace/owasp-webgoat/src/main/java/org/owasp/webgoat/lessons/challenges/challenge7/MD5.java","53"
"Minor","PROC_USE.VULNERABLE","/builds/gitlab/drit_digital_trace/owasp-webgoat/src/it/java/org/owasp/webgoat/integration/JWTLessonIntegrationTest.java","77"
"Minor","PROC_USE.VULNERABLE","/builds/gitlab/drit_digital_trace/owasp-webgoat/src/main/java/org/owasp/webgoat/container/users/UserValidator.java","35"
"Minor","PROC_USE.VULNERABLE","/builds/gitlab/drit_digital_trace/owasp-webgoat/src/main/java/org/owasp/webgoat/container/WebSecurityConfig.java","61"
"Minor","PROC_USE.VULNERABLE","/builds/gitlab/drit_digital_trace/owasp-webgoat/src/main/java/org/owasp/webgoat/lessons/challenges/challenge1/Assignment1.java","36"
"Minor","PROC_USE.VULNERABLE","/builds/gitlab/drit_digital_trace/owasp-webgoat/src/main/java/org/owasp/webgoat/lessons/cryptography/EncodingAssignment.java","54"
"Minor","PROC_USE.VULNERABLE","/builds/gitlab/drit_digital_trace/owasp-webgoat/src/main/java/org/owasp/webgoat/lessons/idor/IDORLogin.java","53"
"Minor","PROC_USE.VULNERABLE","/builds/gitlab/drit_digital_trace/owasp-webgoat/src/main/java/org/owasp/webgoat/lessons/jwt/JWTRefreshEndpoint.java","91"
"Minor","PROC_USE.VULNERABLE","/builds/gitlab/drit_digital_trace/owasp-webgoat/src/main/java/org/owasp/webgoat/lessons/jwt/JWTRefreshEndpoint.java","121"
"Minor","PROC_USE.VULNERABLE","/builds/gitlab/drit_digital_trace/owasp-webgoat/src/main/java/org/owasp/webgoat/lessons/jwt/JWTVotesEndpoint.java","139"
"Minor","PROC_USE.VULNERABLE","/builds/gitlab/drit_digital_trace/owasp-webgoat/src/main/java/org/owasp/webgoat/lessons/jwt/JWTVotesEndpoint.java","164"
"Minor","PROC_USE.VULNERABLE","/builds/gitlab/drit_digital_trace/owasp-webgoat/src/main/java/org/owasp/webgoat/lessons/jwt/JWTVotesEndpoint.java","187"
"Minor","PROC_USE.VULNERABLE","/builds/gitlab/drit_digital_trace/owasp-webgoat/src/main/java/org/owasp/webgoat/lessons/logging/LogBleedingTask.java","43"
"Minor","PROC_USE.VULNERABLE","/builds/gitlab/drit_digital_trace/owasp-webgoat/src/main/java/org/owasp/webgoat/lessons/passwordreset/ResetLinkAssignment.java","77"
"Minor","PROC_USE.VULNERABLE","/builds/gitlab/drit_digital_trace/owasp-webgoat/src/main/java/org/owasp/webgoat/lessons/passwordreset/SimpleMailAssignment.java","52"
"Minor","PROC_USE.VULNERABLE","/builds/gitlab/drit_digital_trace/owasp-webgoat/src/main/java/org/owasp/webgoat/lessons/spoofcookie/SpoofCookieAssignment.java","73"
"Minor","PROC_USE.VULNERABLE","/builds/gitlab/drit_digital_trace/owasp-webgoat/src/main/java/org/owasp/webgoat/lessons/spoofcookie/SpoofCookieAssignment.java","78"
"Minor","PROC_USE.VULNERABLE","/builds/gitlab/drit_digital_trace/owasp-webgoat/src/main/java/org/owasp/webgoat/lessons/sqlinjection/advanced/SqlInjectionLesson6b.java","34"
"Minor","PROC_USE.VULNERABLE","/builds/gitlab/drit_digital_trace/owasp-webgoat/src/main/java/org/owasp/webgoat/webwolf/WebSecurityConfig.java","47"
"Minor","PROC_USE.VULNERABLE","/builds/gitlab/drit_digital_trace/owasp-webgoat/src/test/java/org/owasp/webgoat/lessons/jwt/TokenTest.java","37"
"Major","SIMILAR_BRANCHES","/builds/gitlab/drit_digital_trace/owasp-webgoat/src/main/java/org/owasp/webgoat/lessons/jwt/JWTRefreshEndpoint.java","129"
"Major","SIMILAR_BRANCHES","/builds/gitlab/drit_digital_trace/owasp-webgoat/src/main/java/org/owasp/webgoat/webwolf/requests/Requests.java","63"
"Normal","SIMILAR_BRANCHES.CATCH","/builds/gitlab/drit_digital_trace/owasp-webgoat/src/main/java/org/owasp/webgoat/lessons/deserialization/InsecureDeserializationTask.java","53"
"Critical","TAINTED_PTR","/builds/gitlab/drit_digital_trace/owasp-webgoat/src/main/java/org/owasp/webgoat/lessons/challenges/challenge5/Assignment5.java","44"
"Critical","TAINTED_PTR","/builds/gitlab/drit_digital_trace/owasp-webgoat/src/main/java/org/owasp/webgoat/lessons/sqlinjection/introduction/SqlInjectionLesson5b.java","41"
"Critical","TAINTED_PTR","/builds/gitlab/drit_digital_trace/owasp-webgoat/src/main/java/org/owasp/webgoat/lessons/sqlinjection/mitigation/Servers.java","54"
"Major","TAINTED_PTR.COOKIE","/builds/gitlab/drit_digital_trace/owasp-webgoat/src/main/java/org/owasp/webgoat/lessons/hijacksession/HijackSessionAssignment.java","56"
"Major","TAINTED_PTR.COOKIE","/builds/gitlab/drit_digital_trace/owasp-webgoat/src/main/java/org/owasp/webgoat/lessons/jwt/JWTVotesEndpoint.java","135"
"Major","TAINTED_PTR.COOKIE","/builds/gitlab/drit_digital_trace/owasp-webgoat/src/main/java/org/owasp/webgoat/lessons/jwt/JWTVotesEndpoint.java","160"
"Major","TAINTED_PTR.COOKIE","/builds/gitlab/drit_digital_trace/owasp-webgoat/src/main/java/org/owasp/webgoat/lessons/jwt/JWTVotesEndpoint.java","183"
"Major","TAINTED_PTR.COOKIE","/builds/gitlab/drit_digital_trace/owasp-webgoat/src/main/java/org/owasp/webgoat/lessons/spoofcookie/SpoofCookieAssignment.java","55"
"Minor","TAINTED_PTR.MINOR","/builds/gitlab/drit_digital_trace/owasp-webgoat/src/main/java/org/owasp/webgoat/lessons/sqlinjection/introduction/SqlInjectionLesson5.java","57"
"Minor","TEST.FAIL_IN_CATCH","/builds/gitlab/drit_digital_trace/owasp-webgoat/src/it/java/org/owasp/webgoat/integration/CryptoIntegrationTest.java","37"
"Minor","TEST.FAIL_IN_CATCH","/builds/gitlab/drit_digital_trace/owasp-webgoat/src/it/java/org/owasp/webgoat/integration/CryptoIntegrationTest.java","44"
"Normal","TEST.INCORRECT_MODIFIERS","/builds/gitlab/drit_digital_trace/owasp-webgoat/src/it/java/org/owasp/webgoat/integration/CSRFIntegrationTest.java","79"
"Normal","TEST.INCORRECT_MODIFIERS","/builds/gitlab/drit_digital_trace/owasp-webgoat/src/it/java/org/owasp/webgoat/integration/IDORIntegrationTest.java","28"
"Normal","TEST.INCORRECT_MODIFIERS","/builds/gitlab/drit_digital_trace/owasp-webgoat/src/it/java/org/owasp/webgoat/integration/PasswordResetLessonIntegrationTest.java","27"
"Normal","TEST.INCORRECT_MODIFIERS","/builds/gitlab/drit_digital_trace/owasp-webgoat/src/it/java/org/owasp/webgoat/integration/PathTraversalIntegrationTest.java","44"
"Normal","TEST.MULTIPLE_EXCEPTIONAL_CALLS","/builds/gitlab/drit_digital_trace/owasp-webgoat/src/test/java/org/owasp/webgoat/lessons/vulnerablecomponents/VulnerableComponentsLessonTest.java","48"
"Normal","TEST.MULTIPLE_EXCEPTIONAL_CALLS","/builds/gitlab/drit_digital_trace/owasp-webgoat/src/test/java/org/owasp/webgoat/lessons/vulnerablecomponents/VulnerableComponentsLessonTest.java","61"
"Normal","UNREACHABLE_CODE","/builds/gitlab/drit_digital_trace/owasp-webgoat/src/it/java/org/owasp/webgoat/integration/PathTraversalIntegrationTest.java","129"
"Normal","UNREACHABLE_CODE","/builds/gitlab/drit_digital_trace/owasp-webgoat/src/it/java/org/owasp/webgoat/integration/PathTraversalIntegrationTest.java","148"
"Normal","UNREACHABLE_CODE","/builds/gitlab/drit_digital_trace/owasp-webgoat/src/main/java/org/owasp/webgoat/lessons/challenges/challenge1/Assignment1.java","40"
"Normal","UNREACHABLE_CODE","/builds/gitlab/drit_digital_trace/owasp-webgoat/src/main/java/org/owasp/webgoat/lessons/pathtraversal/ProfileUploadBase.java","112"
"Normal","UNREACHABLE_CODE","/builds/gitlab/drit_digital_trace/owasp-webgoat/src/main/java/org/owasp/webgoat/lessons/pathtraversal/ProfileUploadBase.java","115"
"Normal","UNREACHABLE_CODE.EXCEPTION","/builds/gitlab/drit_digital_trace/owasp-webgoat/src/test/java/org/owasp/webgoat/lessons/cryptography/CryptoUtilTest.java","32"
"Minor","UNUSED_VALUE","/builds/gitlab/drit_digital_trace/owasp-webgoat/src/main/java/org/owasp/webgoat/lessons/authbypass/AccountVerificationHelper.java","36"
